{
    "data": [
        {
            "traceID": "234ff7f757659b46",
            "spans": [
                {
                    "traceID": "234ff7f757659b46",
                    "spanID": "6606ef41f77296d9",
                    "flags": 1,
                    "operationName": "/geo.Geo/Nearby",
                    "references": [
                        {
                            "refType": "CHILD_OF",
                            "traceID": "234ff7f757659b46",
                            "spanID": "0f5c15e64c2ecee8"
                        }
                    ],
                    "startTime": 1655763510303000,
                    "duration": 1568,
                    "tags": [
                        {
                            "key": "span.kind",
                            "type": "string",
                            "value": "server"
                        },
                        {
                            "key": "component",
                            "type": "string",
                            "value": "gRPC"
                        },
                        {
                            "key": "internal.span.format",
                            "type": "string",
                            "value": "proto"
                        }
                    ],
                    "logs": [],
                    "processID": "p1",
                    "warnings": null
                },
                {
                    "traceID": "234ff7f757659b46",
                    "spanID": "03c3461f699fafb9",
                    "flags": 1,
                    "operationName": "/reservation.Reservation/CheckAvailability",
                    "references": [
                        {
                            "refType": "CHILD_OF",
                            "traceID": "234ff7f757659b46",
                            "spanID": "67634b1d9f796855"
                        }
                    ],
                    "startTime": 1655763510312149,
                    "duration": 13,
                    "tags": [
                        {
                            "key": "component",
                            "type": "string",
                            "value": "gRPC"
                        },
                        {
                            "key": "span.kind",
                            "type": "string",
                            "value": "server"
                        },
                        {
                            "key": "internal.span.format",
                            "type": "string",
                            "value": "proto"
                        }
                    ],
                    "logs": [],
                    "processID": "p2",
                    "warnings": [
                        "clock skew adjustment disabled; not applying calculated delta of -1.902ms"
                    ]
                },
                {
                    "traceID": "234ff7f757659b46",
                    "spanID": "0e5a31656a6fca01",
                    "flags": 1,
                    "operationName": "/search.Search/Nearby",
                    "references": [
                        {
                            "refType": "CHILD_OF",
                            "traceID": "234ff7f757659b46",
                            "spanID": "234ff7f757659b46"
                        }
                    ],
                    "startTime": 1655763510296045,
                    "duration": 12751,
                    "tags": [
                        {
                            "key": "span.kind",
                            "type": "string",
                            "value": "client"
                        },
                        {
                            "key": "component",
                            "type": "string",
                            "value": "gRPC"
                        },
                        {
                            "key": "internal.span.format",
                            "type": "string",
                            "value": "proto"
                        }
                    ],
                    "logs": [],
                    "processID": "p3",
                    "warnings": null
                },
                {
                    "traceID": "234ff7f757659b46",
                    "spanID": "67634b1d9f796855",
                    "flags": 1,
                    "operationName": "/reservation.Reservation/CheckAvailability",
                    "references": [
                        {
                            "refType": "CHILD_OF",
                            "traceID": "234ff7f757659b46",
                            "spanID": "234ff7f757659b46"
                        }
                    ],
                    "startTime": 1655763510308881,
                    "duration": 2745,
                    "tags": [
                        {
                            "key": "span.kind",
                            "type": "string",
                            "value": "client"
                        },
                        {
                            "key": "component",
                            "type": "string",
                            "value": "gRPC"
                        },
                        {
                            "key": "internal.span.format",
                            "type": "string",
                            "value": "proto"
                        }
                    ],
                    "logs": [],
                    "processID": "p3",
                    "warnings": null
                },
                {
                    "traceID": "234ff7f757659b46",
                    "spanID": "1bfaaf68c4ad77c7",
                    "flags": 1,
                    "operationName": "/profile.Profile/GetProfiles",
                    "references": [
                        {
                            "refType": "CHILD_OF",
                            "traceID": "234ff7f757659b46",
                            "spanID": "234ff7f757659b46"
                        }
                    ],
                    "startTime": 1655763510311784,
                    "duration": 2197,
                    "tags": [
                        {
                            "key": "component",
                            "type": "string",
                            "value": "gRPC"
                        },
                        {
                            "key": "span.kind",
                            "type": "string",
                            "value": "client"
                        },
                        {
                            "key": "internal.span.format",
                            "type": "string",
                            "value": "proto"
                        }
                    ],
                    "logs": [],
                    "processID": "p3",
                    "warnings": null
                },
                {
                    "traceID": "234ff7f757659b46",
                    "spanID": "234ff7f757659b46",
                    "flags": 1,
                    "operationName": "HTTP GET /hotels",
                    "references": [],
                    "startTime": 1655763510295556,
                    "duration": 18544,
                    "tags": [
                        {
                            "key": "sampler.type",
                            "type": "string",
                            "value": "probabilistic"
                        },
                        {
                            "key": "sampler.param",
                            "type": "float64",
                            "value": 0.3
                        },
                        {
                            "key": "span.kind",
                            "type": "string",
                            "value": "server"
                        },
                        {
                            "key": "http.method",
                            "type": "string",
                            "value": "GET"
                        },
                        {
                            "key": "http.url",
                            "type": "string",
                            "value": "/hotels?inDate=2015-04-22\u0026outDate=2015-04-23\u0026lat=38.257\u0026lon=-122.229"
                        },
                        {
                            "key": "component",
                            "type": "string",
                            "value": "net/http"
                        },
                        {
                            "key": "http.status_code",
                            "type": "int64",
                            "value": 200
                        },
                        {
                            "key": "internal.span.format",
                            "type": "string",
                            "value": "proto"
                        }
                    ],
                    "logs": [],
                    "processID": "p3",
                    "warnings": null
                },
                {
                    "traceID": "234ff7f757659b46",
                    "spanID": "40d0c2ea11f6b16a",
                    "flags": 1,
                    "operationName": "/rate.Rate/GetRates",
                    "references": [
                        {
                            "refType": "CHILD_OF",
                            "traceID": "234ff7f757659b46",
                            "spanID": "4f85fa12979f3ca7"
                        }
                    ],
                    "startTime": 1655763510307164,
                    "duration": 9,
                    "tags": [
                        {
                            "key": "component",
                            "type": "string",
                            "value": "gRPC"
                        },
                        {
                            "key": "span.kind",
                            "type": "string",
                            "value": "server"
                        },
                        {
                            "key": "internal.span.format",
                            "type": "string",
                            "value": "proto"
                        }
                    ],
                    "logs": [],
                    "processID": "p4",
                    "warnings": null
                },
                {
                    "traceID": "234ff7f757659b46",
                    "spanID": "73b99b90a015c53f",
                    "flags": 1,
                    "operationName": "/profile.Profile/GetProfiles",
                    "references": [
                        {
                            "refType": "CHILD_OF",
                            "traceID": "234ff7f757659b46",
                            "spanID": "1bfaaf68c4ad77c7"
                        }
                    ],
                    "startTime": 1655763510312797,
                    "duration": 187,
                    "tags": [
                        {
                            "key": "span.kind",
                            "type": "string",
                            "value": "server"
                        },
                        {
                            "key": "component",
                            "type": "string",
                            "value": "gRPC"
                        },
                        {
                            "key": "internal.span.format",
                            "type": "string",
                            "value": "proto"
                        }
                    ],
                    "logs": [],
                    "processID": "p5",
                    "warnings": null
                },
                {
                    "traceID": "234ff7f757659b46",
                    "spanID": "0f5c15e64c2ecee8",
                    "flags": 1,
                    "operationName": "/geo.Geo/Nearby",
                    "references": [
                        {
                            "refType": "CHILD_OF",
                            "traceID": "234ff7f757659b46",
                            "spanID": "49a5a7fb2f73be83"
                        }
                    ],
                    "startTime": 1655763510301501,
                    "duration": 4684,
                    "tags": [
                        {
                            "key": "span.kind",
                            "type": "string",
                            "value": "client"
                        },
                        {
                            "key": "component",
                            "type": "string",
                            "value": "gRPC"
                        },
                        {
                            "key": "internal.span.format",
                            "type": "string",
                            "value": "proto"
                        }
                    ],
                    "logs": [],
                    "processID": "p6",
                    "warnings": [
                        "clock skew adjustment disabled; not applying calculated delta of -2.7995ms"
                    ]
                },
                {
                    "traceID": "234ff7f757659b46",
                    "spanID": "4f85fa12979f3ca7",
                    "flags": 1,
                    "operationName": "/rate.Rate/GetRates",
                    "references": [
                        {
                            "refType": "CHILD_OF",
                            "traceID": "234ff7f757659b46",
                            "spanID": "49a5a7fb2f73be83"
                        }
                    ],
                    "startTime": 1655763510306200,
                    "duration": 3074,
                    "tags": [
                        {
                            "key": "span.kind",
                            "type": "string",
                            "value": "client"
                        },
                        {
                            "key": "component",
                            "type": "string",
                            "value": "gRPC"
                        },
                        {
                            "key": "internal.span.format",
                            "type": "string",
                            "value": "proto"
                        }
                    ],
                    "logs": [],
                    "processID": "p6",
                    "warnings": [
                        "clock skew adjustment disabled; not applying calculated delta of -2.7995ms"
                    ]
                },
                {
                    "traceID": "234ff7f757659b46",
                    "spanID": "49a5a7fb2f73be83",
                    "flags": 1,
                    "operationName": "/search.Search/Nearby",
                    "references": [
                        {
                            "refType": "CHILD_OF",
                            "traceID": "234ff7f757659b46",
                            "spanID": "0e5a31656a6fca01"
                        }
                    ],
                    "startTime": 1655763510301153,
                    "duration": 8134,
                    "tags": [
                        {
                            "key": "span.kind",
                            "type": "string",
                            "value": "server"
                        },
                        {
                            "key": "component",
                            "type": "string",
                            "value": "gRPC"
                        },
                        {
                            "key": "internal.span.format",
                            "type": "string",
                            "value": "proto"
                        }
                    ],
                    "logs": [],
                    "processID": "p6",
                    "warnings": [
                        "clock skew adjustment disabled; not applying calculated delta of -2.7995ms"
                    ]
                }
            ],
            "processes": {
                "p1": {
                    "serviceName": "geo",
                    "tags": [
                        {
                            "key": "hostname",
                            "type": "string",
                            "value": "geo-6455488cd8-9pdxx"
                        },
                        {
                            "key": "ip",
                            "type": "string",
                            "value": "10.0.1.61"
                        },
                        {
                            "key": "jaeger.version",
                            "type": "string",
                            "value": "Go-2.11.2"
                        }
                    ]
                },
                "p2": {
                    "serviceName": "reservation",
                    "tags": [
                        {
                            "key": "hostname",
                            "type": "string",
                            "value": "reservation-dc5557677-9t7xw"
                        },
                        {
                            "key": "ip",
                            "type": "string",
                            "value": "10.0.1.212"
                        },
                        {
                            "key": "jaeger.version",
                            "type": "string",
                            "value": "Go-2.11.2"
                        }
                    ]
                },
                "p3": {
                    "serviceName": "frontend",
                    "tags": [
                        {
                            "key": "hostname",
                            "type": "string",
                            "value": "frontend-6bfdb55ffc-qbc8v"
                        },
                        {
                            "key": "ip",
                            "type": "string",
                            "value": "10.0.2.221"
                        },
                        {
                            "key": "jaeger.version",
                            "type": "string",
                            "value": "Go-2.11.2"
                        }
                    ]
                },
                "p4": {
                    "serviceName": "rate",
                    "tags": [
                        {
                            "key": "hostname",
                            "type": "string",
                            "value": "rate-86bd69bdcd-z28hz"
                        },
                        {
                            "key": "ip",
                            "type": "string",
                            "value": "10.0.1.3"
                        },
                        {
                            "key": "jaeger.version",
                            "type": "string",
                            "value": "Go-2.11.2"
                        }
                    ]
                },
                "p5": {
                    "serviceName": "profile",
                    "tags": [
                        {
                            "key": "hostname",
                            "type": "string",
                            "value": "profile-74f799494b-vftn2"
                        },
                        {
                            "key": "ip",
                            "type": "string",
                            "value": "10.0.2.207"
                        },
                        {
                            "key": "jaeger.version",
                            "type": "string",
                            "value": "Go-2.11.2"
                        }
                    ]
                },
                "p6": {
                    "serviceName": "search",
                    "tags": [
                        {
                            "key": "hostname",
                            "type": "string",
                            "value": "search-7b976b6966-mnrrt"
                        },
                        {
                            "key": "ip",
                            "type": "string",
                            "value": "10.0.1.142"
                        },
                        {
                            "key": "jaeger.version",
                            "type": "string",
                            "value": "Go-2.11.2"
                        }
                    ]
                }
            },
            "warnings": null
        }
    ],
    "total": 0,
    "limit": 0,
    "offset": 0,
    "errors": null
}