{
    "data": [
        {
            "traceID": "068830ce5940552d",
            "spans": [
                {
                    "traceID": "068830ce5940552d",
                    "spanID": "32d3a5b3eeaf4aad",
                    "flags": 1,
                    "operationName": "/reservation.Reservation/CheckAvailability",
                    "references": [
                        {
                            "refType": "CHILD_OF",
                            "traceID": "068830ce5940552d",
                            "spanID": "627c6e8cb05b5249"
                        }
                    ],
                    "startTime": 1655666703157016,
                    "duration": 9591,
                    "tags": [
                        {
                            "key": "span.kind",
                            "type": "string",
                            "value": "server"
                        },
                        {
                            "key": "component",
                            "type": "string",
                            "value": "gRPC"
                        },
                        {
                            "key": "internal.span.format",
                            "type": "string",
                            "value": "proto"
                        }
                    ],
                    "logs": [],
                    "processID": "p1",
                    "warnings": [
                        "clock skew adjustment disabled; not applying calculated delta of 6.2965ms"
                    ]
                },
                {
                    "traceID": "068830ce5940552d",
                    "spanID": "4a09825ed8a57a04",
                    "flags": 1,
                    "operationName": "/search.Search/Nearby",
                    "references": [
                        {
                            "refType": "CHILD_OF",
                            "traceID": "068830ce5940552d",
                            "spanID": "068830ce5940552d"
                        }
                    ],
                    "startTime": 1655666703138672,
                    "duration": 21731,
                    "tags": [
                        {
                            "key": "span.kind",
                            "type": "string",
                            "value": "client"
                        },
                        {
                            "key": "component",
                            "type": "string",
                            "value": "gRPC"
                        },
                        {
                            "key": "internal.span.format",
                            "type": "string",
                            "value": "proto"
                        }
                    ],
                    "logs": [],
                    "processID": "p2",
                    "warnings": null
                },
                {
                    "traceID": "068830ce5940552d",
                    "spanID": "627c6e8cb05b5249",
                    "flags": 1,
                    "operationName": "/reservation.Reservation/CheckAvailability",
                    "references": [
                        {
                            "refType": "CHILD_OF",
                            "traceID": "068830ce5940552d",
                            "spanID": "068830ce5940552d"
                        }
                    ],
                    "startTime": 1655666703160492,
                    "duration": 15232,
                    "tags": [
                        {
                            "key": "span.kind",
                            "type": "string",
                            "value": "client"
                        },
                        {
                            "key": "component",
                            "type": "string",
                            "value": "gRPC"
                        },
                        {
                            "key": "internal.span.format",
                            "type": "string",
                            "value": "proto"
                        }
                    ],
                    "logs": [],
                    "processID": "p2",
                    "warnings": null
                },
                {
                    "traceID": "068830ce5940552d",
                    "spanID": "2dbe4824797eac95",
                    "flags": 1,
                    "operationName": "/profile.Profile/GetProfiles",
                    "references": [
                        {
                            "refType": "CHILD_OF",
                            "traceID": "068830ce5940552d",
                            "spanID": "068830ce5940552d"
                        }
                    ],
                    "startTime": 1655666703175855,
                    "duration": 6156,
                    "tags": [
                        {
                            "key": "component",
                            "type": "string",
                            "value": "gRPC"
                        },
                        {
                            "key": "span.kind",
                            "type": "string",
                            "value": "client"
                        },
                        {
                            "key": "internal.span.format",
                            "type": "string",
                            "value": "proto"
                        }
                    ],
                    "logs": [],
                    "processID": "p2",
                    "warnings": null
                },
                {
                    "traceID": "068830ce5940552d",
                    "spanID": "068830ce5940552d",
                    "flags": 1,
                    "operationName": "HTTP GET /hotels",
                    "references": [],
                    "startTime": 1655666703138460,
                    "duration": 43660,
                    "tags": [
                        {
                            "key": "sampler.type",
                            "type": "string",
                            "value": "probabilistic"
                        },
                        {
                            "key": "sampler.param",
                            "type": "float64",
                            "value": 0.3
                        },
                        {
                            "key": "span.kind",
                            "type": "string",
                            "value": "server"
                        },
                        {
                            "key": "http.method",
                            "type": "string",
                            "value": "GET"
                        },
                        {
                            "key": "http.url",
                            "type": "string",
                            "value": "/hotels?inDate=2015-04-23\u0026outDate=2015-04-24\u0026lat=37.98\u0026lon=-122.061"
                        },
                        {
                            "key": "component",
                            "type": "string",
                            "value": "net/http"
                        },
                        {
                            "key": "http.status_code",
                            "type": "int64",
                            "value": 200
                        },
                        {
                            "key": "internal.span.format",
                            "type": "string",
                            "value": "proto"
                        }
                    ],
                    "logs": [],
                    "processID": "p2",
                    "warnings": null
                },
                {
                    "traceID": "068830ce5940552d",
                    "spanID": "1af41f65b89346a7",
                    "flags": 1,
                    "operationName": "/profile.Profile/GetProfiles",
                    "references": [
                        {
                            "refType": "CHILD_OF",
                            "traceID": "068830ce5940552d",
                            "spanID": "2dbe4824797eac95"
                        }
                    ],
                    "startTime": 1655666703171887,
                    "duration": 3117,
                    "tags": [
                        {
                            "key": "span.kind",
                            "type": "string",
                            "value": "server"
                        },
                        {
                            "key": "component",
                            "type": "string",
                            "value": "gRPC"
                        },
                        {
                            "key": "internal.span.format",
                            "type": "string",
                            "value": "proto"
                        }
                    ],
                    "logs": [],
                    "processID": "p3",
                    "warnings": [
                        "clock skew adjustment disabled; not applying calculated delta of 5.4875ms"
                    ]
                },
                {
                    "traceID": "068830ce5940552d",
                    "spanID": "14cb7cf784bad95d",
                    "flags": 1,
                    "operationName": "/rate.Rate/GetRates",
                    "references": [
                        {
                            "refType": "CHILD_OF",
                            "traceID": "068830ce5940552d",
                            "spanID": "0197d5424e387c5b"
                        }
                    ],
                    "startTime": 1655666703150208,
                    "duration": 5681,
                    "tags": [
                        {
                            "key": "component",
                            "type": "string",
                            "value": "gRPC"
                        },
                        {
                            "key": "span.kind",
                            "type": "string",
                            "value": "server"
                        },
                        {
                            "key": "internal.span.format",
                            "type": "string",
                            "value": "proto"
                        }
                    ],
                    "logs": [],
                    "processID": "p4",
                    "warnings": [
                        "clock skew adjustment disabled; not applying calculated delta of -6.408ms"
                    ]
                },
                {
                    "traceID": "068830ce5940552d",
                    "spanID": "319ecd87ddda1981",
                    "flags": 1,
                    "operationName": "/geo.Geo/Nearby",
                    "references": [
                        {
                            "refType": "CHILD_OF",
                            "traceID": "068830ce5940552d",
                            "spanID": "416323b7d68c9752"
                        }
                    ],
                    "startTime": 1655666703144609,
                    "duration": 937,
                    "tags": [
                        {
                            "key": "span.kind",
                            "type": "string",
                            "value": "server"
                        },
                        {
                            "key": "component",
                            "type": "string",
                            "value": "gRPC"
                        },
                        {
                            "key": "internal.span.format",
                            "type": "string",
                            "value": "proto"
                        }
                    ],
                    "logs": [],
                    "processID": "p5",
                    "warnings": [
                        "clock skew adjustment disabled; not applying calculated delta of -6.941ms"
                    ]
                },
                {
                    "traceID": "068830ce5940552d",
                    "spanID": "416323b7d68c9752",
                    "flags": 1,
                    "operationName": "/geo.Geo/Nearby",
                    "references": [
                        {
                            "refType": "CHILD_OF",
                            "traceID": "068830ce5940552d",
                            "spanID": "596d6c354cf651e9"
                        }
                    ],
                    "startTime": 1655666703134336,
                    "duration": 7601,
                    "tags": [
                        {
                            "key": "span.kind",
                            "type": "string",
                            "value": "client"
                        },
                        {
                            "key": "component",
                            "type": "string",
                            "value": "gRPC"
                        },
                        {
                            "key": "internal.span.format",
                            "type": "string",
                            "value": "proto"
                        }
                    ],
                    "logs": [],
                    "processID": "p6",
                    "warnings": [
                        "clock skew adjustment disabled; not applying calculated delta of 7.014ms"
                    ]
                },
                {
                    "traceID": "068830ce5940552d",
                    "spanID": "0197d5424e387c5b",
                    "flags": 1,
                    "operationName": "/rate.Rate/GetRates",
                    "references": [
                        {
                            "refType": "CHILD_OF",
                            "traceID": "068830ce5940552d",
                            "spanID": "596d6c354cf651e9"
                        }
                    ],
                    "startTime": 1655666703142151,
                    "duration": 8979,
                    "tags": [
                        {
                            "key": "span.kind",
                            "type": "string",
                            "value": "client"
                        },
                        {
                            "key": "component",
                            "type": "string",
                            "value": "gRPC"
                        },
                        {
                            "key": "internal.span.format",
                            "type": "string",
                            "value": "proto"
                        }
                    ],
                    "logs": [],
                    "processID": "p6",
                    "warnings": [
                        "clock skew adjustment disabled; not applying calculated delta of 7.014ms"
                    ]
                },
                {
                    "traceID": "068830ce5940552d",
                    "spanID": "596d6c354cf651e9",
                    "flags": 1,
                    "operationName": "/search.Search/Nearby",
                    "references": [
                        {
                            "refType": "CHILD_OF",
                            "traceID": "068830ce5940552d",
                            "spanID": "4a09825ed8a57a04"
                        }
                    ],
                    "startTime": 1655666703133790,
                    "duration": 17467,
                    "tags": [
                        {
                            "key": "span.kind",
                            "type": "string",
                            "value": "server"
                        },
                        {
                            "key": "component",
                            "type": "string",
                            "value": "gRPC"
                        },
                        {
                            "key": "internal.span.format",
                            "type": "string",
                            "value": "proto"
                        }
                    ],
                    "logs": [],
                    "processID": "p6",
                    "warnings": [
                        "clock skew adjustment disabled; not applying calculated delta of 7.014ms"
                    ]
                }
            ],
            "processes": {
                "p1": {
                    "serviceName": "reservation",
                    "tags": [
                        {
                            "key": "hostname",
                            "type": "string",
                            "value": "reservation-54b878688d-v5q78"
                        },
                        {
                            "key": "ip",
                            "type": "string",
                            "value": "10.0.2.193"
                        },
                        {
                            "key": "jaeger.version",
                            "type": "string",
                            "value": "Go-2.11.2"
                        }
                    ]
                },
                "p2": {
                    "serviceName": "frontend",
                    "tags": [
                        {
                            "key": "hostname",
                            "type": "string",
                            "value": "frontend-6454445786-mt8jg"
                        },
                        {
                            "key": "ip",
                            "type": "string",
                            "value": "10.0.1.38"
                        },
                        {
                            "key": "jaeger.version",
                            "type": "string",
                            "value": "Go-2.11.2"
                        }
                    ]
                },
                "p3": {
                    "serviceName": "profile",
                    "tags": [
                        {
                            "key": "hostname",
                            "type": "string",
                            "value": "profile-76b8dc865f-f4fb4"
                        },
                        {
                            "key": "ip",
                            "type": "string",
                            "value": "10.0.2.53"
                        },
                        {
                            "key": "jaeger.version",
                            "type": "string",
                            "value": "Go-2.11.2"
                        }
                    ]
                },
                "p4": {
                    "serviceName": "rate",
                    "tags": [
                        {
                            "key": "hostname",
                            "type": "string",
                            "value": "rate-6bbcdf7467-n96np"
                        },
                        {
                            "key": "ip",
                            "type": "string",
                            "value": "10.0.1.196"
                        },
                        {
                            "key": "jaeger.version",
                            "type": "string",
                            "value": "Go-2.11.2"
                        }
                    ]
                },
                "p5": {
                    "serviceName": "geo",
                    "tags": [
                        {
                            "key": "hostname",
                            "type": "string",
                            "value": "geo-697868b76f-bn8sp"
                        },
                        {
                            "key": "ip",
                            "type": "string",
                            "value": "10.0.1.32"
                        },
                        {
                            "key": "jaeger.version",
                            "type": "string",
                            "value": "Go-2.11.2"
                        }
                    ]
                },
                "p6": {
                    "serviceName": "search",
                    "tags": [
                        {
                            "key": "hostname",
                            "type": "string",
                            "value": "search-685f85c75f-k6zkm"
                        },
                        {
                            "key": "ip",
                            "type": "string",
                            "value": "10.0.2.164"
                        },
                        {
                            "key": "jaeger.version",
                            "type": "string",
                            "value": "Go-2.11.2"
                        }
                    ]
                }
            },
            "warnings": null
        }
    ],
    "total": 0,
    "limit": 0,
    "offset": 0,
    "errors": null
}