{
    "data": [
        {
            "traceID": "0689d40711fc5b88",
            "spans": [
                {
                    "traceID": "0689d40711fc5b88",
                    "spanID": "665a86a0b2235c01",
                    "flags": 1,
                    "operationName": "/reservation.Reservation/CheckAvailability",
                    "references": [
                        {
                            "refType": "CHILD_OF",
                            "traceID": "0689d40711fc5b88",
                            "spanID": "6c2c26fcd2268209"
                        }
                    ],
                    "startTime": 1655666690201713,
                    "duration": 10,
                    "tags": [
                        {
                            "key": "span.kind",
                            "type": "string",
                            "value": "server"
                        },
                        {
                            "key": "component",
                            "type": "string",
                            "value": "gRPC"
                        },
                        {
                            "key": "internal.span.format",
                            "type": "string",
                            "value": "proto"
                        }
                    ],
                    "logs": [],
                    "processID": "p1",
                    "warnings": [
                        "clock skew adjustment disabled; not applying calculated delta of 5.8765ms"
                    ]
                },
                {
                    "traceID": "0689d40711fc5b88",
                    "spanID": "6df5f28891f6a456",
                    "flags": 1,
                    "operationName": "/search.Search/Nearby",
                    "references": [
                        {
                            "refType": "CHILD_OF",
                            "traceID": "0689d40711fc5b88",
                            "spanID": "0689d40711fc5b88"
                        }
                    ],
                    "startTime": 1655666690194281,
                    "duration": 12256,
                    "tags": [
                        {
                            "key": "span.kind",
                            "type": "string",
                            "value": "client"
                        },
                        {
                            "key": "component",
                            "type": "string",
                            "value": "gRPC"
                        },
                        {
                            "key": "internal.span.format",
                            "type": "string",
                            "value": "proto"
                        }
                    ],
                    "logs": [],
                    "processID": "p2",
                    "warnings": null
                },
                {
                    "traceID": "0689d40711fc5b88",
                    "spanID": "6c2c26fcd2268209",
                    "flags": 1,
                    "operationName": "/reservation.Reservation/CheckAvailability",
                    "references": [
                        {
                            "refType": "CHILD_OF",
                            "traceID": "0689d40711fc5b88",
                            "spanID": "0689d40711fc5b88"
                        }
                    ],
                    "startTime": 1655666690206832,
                    "duration": 1525,
                    "tags": [
                        {
                            "key": "component",
                            "type": "string",
                            "value": "gRPC"
                        },
                        {
                            "key": "span.kind",
                            "type": "string",
                            "value": "client"
                        },
                        {
                            "key": "internal.span.format",
                            "type": "string",
                            "value": "proto"
                        }
                    ],
                    "logs": [],
                    "processID": "p2",
                    "warnings": null
                },
                {
                    "traceID": "0689d40711fc5b88",
                    "spanID": "619e1b4ffff28f5c",
                    "flags": 1,
                    "operationName": "/profile.Profile/GetProfiles",
                    "references": [
                        {
                            "refType": "CHILD_OF",
                            "traceID": "0689d40711fc5b88",
                            "spanID": "0689d40711fc5b88"
                        }
                    ],
                    "startTime": 1655666690208482,
                    "duration": 3283,
                    "tags": [
                        {
                            "key": "span.kind",
                            "type": "string",
                            "value": "client"
                        },
                        {
                            "key": "component",
                            "type": "string",
                            "value": "gRPC"
                        },
                        {
                            "key": "internal.span.format",
                            "type": "string",
                            "value": "proto"
                        }
                    ],
                    "logs": [],
                    "processID": "p2",
                    "warnings": null
                },
                {
                    "traceID": "0689d40711fc5b88",
                    "spanID": "0689d40711fc5b88",
                    "flags": 1,
                    "operationName": "HTTP GET /hotels",
                    "references": [],
                    "startTime": 1655666690192713,
                    "duration": 19152,
                    "tags": [
                        {
                            "key": "sampler.type",
                            "type": "string",
                            "value": "probabilistic"
                        },
                        {
                            "key": "sampler.param",
                            "type": "float64",
                            "value": 0.3
                        },
                        {
                            "key": "span.kind",
                            "type": "string",
                            "value": "server"
                        },
                        {
                            "key": "http.method",
                            "type": "string",
                            "value": "GET"
                        },
                        {
                            "key": "http.url",
                            "type": "string",
                            "value": "/hotels?inDate=2015-04-15\u0026outDate=2015-04-23\u0026lat=38.242\u0026lon=-122.216"
                        },
                        {
                            "key": "component",
                            "type": "string",
                            "value": "net/http"
                        },
                        {
                            "key": "http.status_code",
                            "type": "int64",
                            "value": 200
                        },
                        {
                            "key": "internal.span.format",
                            "type": "string",
                            "value": "proto"
                        }
                    ],
                    "logs": [],
                    "processID": "p2",
                    "warnings": null
                },
                {
                    "traceID": "0689d40711fc5b88",
                    "spanID": "4d4e00b7b72b4afb",
                    "flags": 1,
                    "operationName": "/profile.Profile/GetProfiles",
                    "references": [
                        {
                            "refType": "CHILD_OF",
                            "traceID": "0689d40711fc5b88",
                            "spanID": "619e1b4ffff28f5c"
                        }
                    ],
                    "startTime": 1655666690204486,
                    "duration": 118,
                    "tags": [
                        {
                            "key": "span.kind",
                            "type": "string",
                            "value": "server"
                        },
                        {
                            "key": "component",
                            "type": "string",
                            "value": "gRPC"
                        },
                        {
                            "key": "internal.span.format",
                            "type": "string",
                            "value": "proto"
                        }
                    ],
                    "logs": [],
                    "processID": "p3",
                    "warnings": [
                        "clock skew adjustment disabled; not applying calculated delta of 5.5785ms"
                    ]
                },
                {
                    "traceID": "0689d40711fc5b88",
                    "spanID": "24f7aa5187d865d0",
                    "flags": 1,
                    "operationName": "/rate.Rate/GetRates",
                    "references": [
                        {
                            "refType": "CHILD_OF",
                            "traceID": "0689d40711fc5b88",
                            "spanID": "7d8ee607bbf76ec2"
                        }
                    ],
                    "startTime": 1655666690204010,
                    "duration": 10,
                    "tags": [
                        {
                            "key": "span.kind",
                            "type": "string",
                            "value": "server"
                        },
                        {
                            "key": "component",
                            "type": "string",
                            "value": "gRPC"
                        },
                        {
                            "key": "internal.span.format",
                            "type": "string",
                            "value": "proto"
                        }
                    ],
                    "logs": [],
                    "processID": "p4",
                    "warnings": [
                        "clock skew adjustment disabled; not applying calculated delta of -6.1285ms"
                    ]
                },
                {
                    "traceID": "0689d40711fc5b88",
                    "spanID": "4caef1311c870193",
                    "flags": 1,
                    "operationName": "/geo.Geo/Nearby",
                    "references": [
                        {
                            "refType": "CHILD_OF",
                            "traceID": "0689d40711fc5b88",
                            "spanID": "58e8ecc7f5b322fc"
                        }
                    ],
                    "startTime": 1655666690198364,
                    "duration": 1747,
                    "tags": [
                        {
                            "key": "span.kind",
                            "type": "string",
                            "value": "server"
                        },
                        {
                            "key": "component",
                            "type": "string",
                            "value": "gRPC"
                        },
                        {
                            "key": "internal.span.format",
                            "type": "string",
                            "value": "proto"
                        }
                    ],
                    "logs": [],
                    "processID": "p5",
                    "warnings": [
                        "clock skew adjustment disabled; not applying calculated delta of -6.021ms"
                    ]
                },
                {
                    "traceID": "0689d40711fc5b88",
                    "spanID": "58e8ecc7f5b322fc",
                    "flags": 1,
                    "operationName": "/geo.Geo/Nearby",
                    "references": [
                        {
                            "refType": "CHILD_OF",
                            "traceID": "0689d40711fc5b88",
                            "spanID": "7826e6c3dcbf1dbf"
                        }
                    ],
                    "startTime": 1655666690191182,
                    "duration": 4069,
                    "tags": [
                        {
                            "key": "span.kind",
                            "type": "string",
                            "value": "client"
                        },
                        {
                            "key": "component",
                            "type": "string",
                            "value": "gRPC"
                        },
                        {
                            "key": "internal.span.format",
                            "type": "string",
                            "value": "proto"
                        }
                    ],
                    "logs": [],
                    "processID": "p6",
                    "warnings": [
                        "clock skew adjustment disabled; not applying calculated delta of 5.0705ms"
                    ]
                },
                {
                    "traceID": "0689d40711fc5b88",
                    "spanID": "7d8ee607bbf76ec2",
                    "flags": 1,
                    "operationName": "/rate.Rate/GetRates",
                    "references": [
                        {
                            "refType": "CHILD_OF",
                            "traceID": "0689d40711fc5b88",
                            "spanID": "7826e6c3dcbf1dbf"
                        }
                    ],
                    "startTime": 1655666690196036,
                    "duration": 3701,
                    "tags": [
                        {
                            "key": "span.kind",
                            "type": "string",
                            "value": "client"
                        },
                        {
                            "key": "component",
                            "type": "string",
                            "value": "gRPC"
                        },
                        {
                            "key": "internal.span.format",
                            "type": "string",
                            "value": "proto"
                        }
                    ],
                    "logs": [],
                    "processID": "p6",
                    "warnings": [
                        "clock skew adjustment disabled; not applying calculated delta of 5.0705ms"
                    ]
                },
                {
                    "traceID": "0689d40711fc5b88",
                    "spanID": "7826e6c3dcbf1dbf",
                    "flags": 1,
                    "operationName": "/search.Search/Nearby",
                    "references": [
                        {
                            "refType": "CHILD_OF",
                            "traceID": "0689d40711fc5b88",
                            "spanID": "6df5f28891f6a456"
                        }
                    ],
                    "startTime": 1655666690190936,
                    "duration": 8805,
                    "tags": [
                        {
                            "key": "span.kind",
                            "type": "string",
                            "value": "server"
                        },
                        {
                            "key": "component",
                            "type": "string",
                            "value": "gRPC"
                        },
                        {
                            "key": "internal.span.format",
                            "type": "string",
                            "value": "proto"
                        }
                    ],
                    "logs": [],
                    "processID": "p6",
                    "warnings": [
                        "clock skew adjustment disabled; not applying calculated delta of 5.0705ms"
                    ]
                }
            ],
            "processes": {
                "p1": {
                    "serviceName": "reservation",
                    "tags": [
                        {
                            "key": "hostname",
                            "type": "string",
                            "value": "reservation-54b878688d-v5q78"
                        },
                        {
                            "key": "ip",
                            "type": "string",
                            "value": "10.0.2.193"
                        },
                        {
                            "key": "jaeger.version",
                            "type": "string",
                            "value": "Go-2.11.2"
                        }
                    ]
                },
                "p2": {
                    "serviceName": "frontend",
                    "tags": [
                        {
                            "key": "hostname",
                            "type": "string",
                            "value": "frontend-6454445786-mt8jg"
                        },
                        {
                            "key": "ip",
                            "type": "string",
                            "value": "10.0.1.38"
                        },
                        {
                            "key": "jaeger.version",
                            "type": "string",
                            "value": "Go-2.11.2"
                        }
                    ]
                },
                "p3": {
                    "serviceName": "profile",
                    "tags": [
                        {
                            "key": "hostname",
                            "type": "string",
                            "value": "profile-76b8dc865f-f4fb4"
                        },
                        {
                            "key": "ip",
                            "type": "string",
                            "value": "10.0.2.53"
                        },
                        {
                            "key": "jaeger.version",
                            "type": "string",
                            "value": "Go-2.11.2"
                        }
                    ]
                },
                "p4": {
                    "serviceName": "rate",
                    "tags": [
                        {
                            "key": "hostname",
                            "type": "string",
                            "value": "rate-6bbcdf7467-n96np"
                        },
                        {
                            "key": "ip",
                            "type": "string",
                            "value": "10.0.1.196"
                        },
                        {
                            "key": "jaeger.version",
                            "type": "string",
                            "value": "Go-2.11.2"
                        }
                    ]
                },
                "p5": {
                    "serviceName": "geo",
                    "tags": [
                        {
                            "key": "hostname",
                            "type": "string",
                            "value": "geo-697868b76f-bn8sp"
                        },
                        {
                            "key": "ip",
                            "type": "string",
                            "value": "10.0.1.32"
                        },
                        {
                            "key": "jaeger.version",
                            "type": "string",
                            "value": "Go-2.11.2"
                        }
                    ]
                },
                "p6": {
                    "serviceName": "search",
                    "tags": [
                        {
                            "key": "hostname",
                            "type": "string",
                            "value": "search-685f85c75f-k6zkm"
                        },
                        {
                            "key": "ip",
                            "type": "string",
                            "value": "10.0.2.164"
                        },
                        {
                            "key": "jaeger.version",
                            "type": "string",
                            "value": "Go-2.11.2"
                        }
                    ]
                }
            },
            "warnings": null
        }
    ],
    "total": 0,
    "limit": 0,
    "offset": 0,
    "errors": null
}