{
    "data": [
        {
            "traceID": "06d5bbe56ce90f39",
            "spans": [
                {
                    "traceID": "06d5bbe56ce90f39",
                    "spanID": "3eb53d39818e3ee9",
                    "flags": 1,
                    "operationName": "/geo.Geo/Nearby",
                    "references": [
                        {
                            "refType": "CHILD_OF",
                            "traceID": "06d5bbe56ce90f39",
                            "spanID": "5259f8742bb73a9d"
                        }
                    ],
                    "startTime": 1655666697888607,
                    "duration": 267,
                    "tags": [
                        {
                            "key": "span.kind",
                            "type": "string",
                            "value": "server"
                        },
                        {
                            "key": "component",
                            "type": "string",
                            "value": "gRPC"
                        },
                        {
                            "key": "internal.span.format",
                            "type": "string",
                            "value": "proto"
                        }
                    ],
                    "logs": [],
                    "processID": "p1",
                    "warnings": [
                        "clock skew adjustment disabled; not applying calculated delta of -6.321ms"
                    ]
                },
                {
                    "traceID": "06d5bbe56ce90f39",
                    "spanID": "5259f8742bb73a9d",
                    "flags": 1,
                    "operationName": "/geo.Geo/Nearby",
                    "references": [
                        {
                            "refType": "CHILD_OF",
                            "traceID": "06d5bbe56ce90f39",
                            "spanID": "2e751a00f43daee4"
                        }
                    ],
                    "startTime": 1655666697881010,
                    "duration": 2819,
                    "tags": [
                        {
                            "key": "span.kind",
                            "type": "string",
                            "value": "client"
                        },
                        {
                            "key": "component",
                            "type": "string",
                            "value": "gRPC"
                        },
                        {
                            "key": "internal.span.format",
                            "type": "string",
                            "value": "proto"
                        }
                    ],
                    "logs": [],
                    "processID": "p2",
                    "warnings": [
                        "clock skew adjustment disabled; not applying calculated delta of 6.145ms"
                    ]
                },
                {
                    "traceID": "06d5bbe56ce90f39",
                    "spanID": "1280a7a54064a19a",
                    "flags": 1,
                    "operationName": "/rate.Rate/GetRates",
                    "references": [
                        {
                            "refType": "CHILD_OF",
                            "traceID": "06d5bbe56ce90f39",
                            "spanID": "2e751a00f43daee4"
                        }
                    ],
                    "startTime": 1655666697883838,
                    "duration": 2702,
                    "tags": [
                        {
                            "key": "span.kind",
                            "type": "string",
                            "value": "client"
                        },
                        {
                            "key": "component",
                            "type": "string",
                            "value": "gRPC"
                        },
                        {
                            "key": "internal.span.format",
                            "type": "string",
                            "value": "proto"
                        }
                    ],
                    "logs": [],
                    "processID": "p2",
                    "warnings": [
                        "clock skew adjustment disabled; not applying calculated delta of 6.145ms"
                    ]
                },
                {
                    "traceID": "06d5bbe56ce90f39",
                    "spanID": "2e751a00f43daee4",
                    "flags": 1,
                    "operationName": "/search.Search/Nearby",
                    "references": [
                        {
                            "refType": "CHILD_OF",
                            "traceID": "06d5bbe56ce90f39",
                            "spanID": "4982afdcd7c0b98a"
                        }
                    ],
                    "startTime": 1655666697880837,
                    "duration": 5707,
                    "tags": [
                        {
                            "key": "span.kind",
                            "type": "string",
                            "value": "server"
                        },
                        {
                            "key": "component",
                            "type": "string",
                            "value": "gRPC"
                        },
                        {
                            "key": "internal.span.format",
                            "type": "string",
                            "value": "proto"
                        }
                    ],
                    "logs": [],
                    "processID": "p2",
                    "warnings": [
                        "clock skew adjustment disabled; not applying calculated delta of 6.145ms"
                    ]
                },
                {
                    "traceID": "06d5bbe56ce90f39",
                    "spanID": "73bf6999159052a9",
                    "flags": 1,
                    "operationName": "/reservation.Reservation/CheckAvailability",
                    "references": [
                        {
                            "refType": "CHILD_OF",
                            "traceID": "06d5bbe56ce90f39",
                            "spanID": "3f891b913fdba00c"
                        }
                    ],
                    "startTime": 1655666697889446,
                    "duration": 12,
                    "tags": [
                        {
                            "key": "span.kind",
                            "type": "string",
                            "value": "server"
                        },
                        {
                            "key": "component",
                            "type": "string",
                            "value": "gRPC"
                        },
                        {
                            "key": "internal.span.format",
                            "type": "string",
                            "value": "proto"
                        }
                    ],
                    "logs": [],
                    "processID": "p3",
                    "warnings": [
                        "clock skew adjustment disabled; not applying calculated delta of 5.622ms"
                    ]
                },
                {
                    "traceID": "06d5bbe56ce90f39",
                    "spanID": "4982afdcd7c0b98a",
                    "flags": 1,
                    "operationName": "/search.Search/Nearby",
                    "references": [
                        {
                            "refType": "CHILD_OF",
                            "traceID": "06d5bbe56ce90f39",
                            "spanID": "06d5bbe56ce90f39"
                        }
                    ],
                    "startTime": 1655666697885786,
                    "duration": 8099,
                    "tags": [
                        {
                            "key": "span.kind",
                            "type": "string",
                            "value": "client"
                        },
                        {
                            "key": "component",
                            "type": "string",
                            "value": "gRPC"
                        },
                        {
                            "key": "internal.span.format",
                            "type": "string",
                            "value": "proto"
                        }
                    ],
                    "logs": [],
                    "processID": "p4",
                    "warnings": null
                },
                {
                    "traceID": "06d5bbe56ce90f39",
                    "spanID": "3f891b913fdba00c",
                    "flags": 1,
                    "operationName": "/reservation.Reservation/CheckAvailability",
                    "references": [
                        {
                            "refType": "CHILD_OF",
                            "traceID": "06d5bbe56ce90f39",
                            "spanID": "06d5bbe56ce90f39"
                        }
                    ],
                    "startTime": 1655666697893985,
                    "duration": 2178,
                    "tags": [
                        {
                            "key": "span.kind",
                            "type": "string",
                            "value": "client"
                        },
                        {
                            "key": "component",
                            "type": "string",
                            "value": "gRPC"
                        },
                        {
                            "key": "internal.span.format",
                            "type": "string",
                            "value": "proto"
                        }
                    ],
                    "logs": [],
                    "processID": "p4",
                    "warnings": null
                },
                {
                    "traceID": "06d5bbe56ce90f39",
                    "spanID": "1ad958f22a2fd876",
                    "flags": 1,
                    "operationName": "/profile.Profile/GetProfiles",
                    "references": [
                        {
                            "refType": "CHILD_OF",
                            "traceID": "06d5bbe56ce90f39",
                            "spanID": "06d5bbe56ce90f39"
                        }
                    ],
                    "startTime": 1655666697896299,
                    "duration": 3833,
                    "tags": [
                        {
                            "key": "span.kind",
                            "type": "string",
                            "value": "client"
                        },
                        {
                            "key": "component",
                            "type": "string",
                            "value": "gRPC"
                        },
                        {
                            "key": "internal.span.format",
                            "type": "string",
                            "value": "proto"
                        }
                    ],
                    "logs": [],
                    "processID": "p4",
                    "warnings": null
                },
                {
                    "traceID": "06d5bbe56ce90f39",
                    "spanID": "06d5bbe56ce90f39",
                    "flags": 1,
                    "operationName": "HTTP GET /hotels",
                    "references": [],
                    "startTime": 1655666697885631,
                    "duration": 15112,
                    "tags": [
                        {
                            "key": "sampler.type",
                            "type": "string",
                            "value": "probabilistic"
                        },
                        {
                            "key": "sampler.param",
                            "type": "float64",
                            "value": 0.3
                        },
                        {
                            "key": "span.kind",
                            "type": "string",
                            "value": "server"
                        },
                        {
                            "key": "http.method",
                            "type": "string",
                            "value": "GET"
                        },
                        {
                            "key": "http.url",
                            "type": "string",
                            "value": "/hotels?inDate=2015-04-23\u0026outDate=2015-04-24\u0026lat=37.788\u0026lon=-122.227"
                        },
                        {
                            "key": "component",
                            "type": "string",
                            "value": "net/http"
                        },
                        {
                            "key": "http.status_code",
                            "type": "int64",
                            "value": 200
                        },
                        {
                            "key": "internal.span.format",
                            "type": "string",
                            "value": "proto"
                        }
                    ],
                    "logs": [],
                    "processID": "p4",
                    "warnings": null
                },
                {
                    "traceID": "06d5bbe56ce90f39",
                    "spanID": "550c84b1f147da92",
                    "flags": 1,
                    "operationName": "/profile.Profile/GetProfiles",
                    "references": [
                        {
                            "refType": "CHILD_OF",
                            "traceID": "06d5bbe56ce90f39",
                            "spanID": "1ad958f22a2fd876"
                        }
                    ],
                    "startTime": 1655666697892365,
                    "duration": 115,
                    "tags": [
                        {
                            "key": "component",
                            "type": "string",
                            "value": "gRPC"
                        },
                        {
                            "key": "span.kind",
                            "type": "string",
                            "value": "server"
                        },
                        {
                            "key": "internal.span.format",
                            "type": "string",
                            "value": "proto"
                        }
                    ],
                    "logs": [],
                    "processID": "p5",
                    "warnings": [
                        "clock skew adjustment disabled; not applying calculated delta of 5.793ms"
                    ]
                },
                {
                    "traceID": "06d5bbe56ce90f39",
                    "spanID": "1d0b6d1fd2cccc24",
                    "flags": 1,
                    "operationName": "/rate.Rate/GetRates",
                    "references": [
                        {
                            "refType": "CHILD_OF",
                            "traceID": "06d5bbe56ce90f39",
                            "spanID": "1280a7a54064a19a"
                        }
                    ],
                    "startTime": 1655666697890778,
                    "duration": 9,
                    "tags": [
                        {
                            "key": "span.kind",
                            "type": "string",
                            "value": "server"
                        },
                        {
                            "key": "component",
                            "type": "string",
                            "value": "gRPC"
                        },
                        {
                            "key": "internal.span.format",
                            "type": "string",
                            "value": "proto"
                        }
                    ],
                    "logs": [],
                    "processID": "p6",
                    "warnings": [
                        "clock skew adjustment disabled; not applying calculated delta of -5.5935ms"
                    ]
                }
            ],
            "processes": {
                "p1": {
                    "serviceName": "geo",
                    "tags": [
                        {
                            "key": "hostname",
                            "type": "string",
                            "value": "geo-697868b76f-bn8sp"
                        },
                        {
                            "key": "ip",
                            "type": "string",
                            "value": "10.0.1.32"
                        },
                        {
                            "key": "jaeger.version",
                            "type": "string",
                            "value": "Go-2.11.2"
                        }
                    ]
                },
                "p2": {
                    "serviceName": "search",
                    "tags": [
                        {
                            "key": "hostname",
                            "type": "string",
                            "value": "search-685f85c75f-k6zkm"
                        },
                        {
                            "key": "ip",
                            "type": "string",
                            "value": "10.0.2.164"
                        },
                        {
                            "key": "jaeger.version",
                            "type": "string",
                            "value": "Go-2.11.2"
                        }
                    ]
                },
                "p3": {
                    "serviceName": "reservation",
                    "tags": [
                        {
                            "key": "hostname",
                            "type": "string",
                            "value": "reservation-54b878688d-v5q78"
                        },
                        {
                            "key": "ip",
                            "type": "string",
                            "value": "10.0.2.193"
                        },
                        {
                            "key": "jaeger.version",
                            "type": "string",
                            "value": "Go-2.11.2"
                        }
                    ]
                },
                "p4": {
                    "serviceName": "frontend",
                    "tags": [
                        {
                            "key": "hostname",
                            "type": "string",
                            "value": "frontend-6454445786-mt8jg"
                        },
                        {
                            "key": "ip",
                            "type": "string",
                            "value": "10.0.1.38"
                        },
                        {
                            "key": "jaeger.version",
                            "type": "string",
                            "value": "Go-2.11.2"
                        }
                    ]
                },
                "p5": {
                    "serviceName": "profile",
                    "tags": [
                        {
                            "key": "hostname",
                            "type": "string",
                            "value": "profile-76b8dc865f-f4fb4"
                        },
                        {
                            "key": "ip",
                            "type": "string",
                            "value": "10.0.2.53"
                        },
                        {
                            "key": "jaeger.version",
                            "type": "string",
                            "value": "Go-2.11.2"
                        }
                    ]
                },
                "p6": {
                    "serviceName": "rate",
                    "tags": [
                        {
                            "key": "hostname",
                            "type": "string",
                            "value": "rate-6bbcdf7467-n96np"
                        },
                        {
                            "key": "ip",
                            "type": "string",
                            "value": "10.0.1.196"
                        },
                        {
                            "key": "jaeger.version",
                            "type": "string",
                            "value": "Go-2.11.2"
                        }
                    ]
                }
            },
            "warnings": null
        }
    ],
    "total": 0,
    "limit": 0,
    "offset": 0,
    "errors": null
}