{
    "data": [
        {
            "traceID": "072111fd10fba4ed",
            "spans": [
                {
                    "traceID": "072111fd10fba4ed",
                    "spanID": "4eeb539e7006d3b3",
                    "flags": 1,
                    "operationName": "/search.Search/Nearby",
                    "references": [
                        {
                            "refType": "CHILD_OF",
                            "traceID": "072111fd10fba4ed",
                            "spanID": "072111fd10fba4ed"
                        }
                    ],
                    "startTime": 1655666684446122,
                    "duration": 10462,
                    "tags": [
                        {
                            "key": "span.kind",
                            "type": "string",
                            "value": "client"
                        },
                        {
                            "key": "component",
                            "type": "string",
                            "value": "gRPC"
                        },
                        {
                            "key": "internal.span.format",
                            "type": "string",
                            "value": "proto"
                        }
                    ],
                    "logs": [],
                    "processID": "p1",
                    "warnings": null
                },
                {
                    "traceID": "072111fd10fba4ed",
                    "spanID": "5b3291b2d2a802a8",
                    "flags": 1,
                    "operationName": "/reservation.Reservation/CheckAvailability",
                    "references": [
                        {
                            "refType": "CHILD_OF",
                            "traceID": "072111fd10fba4ed",
                            "spanID": "072111fd10fba4ed"
                        }
                    ],
                    "startTime": 1655666684456689,
                    "duration": 2755,
                    "tags": [
                        {
                            "key": "span.kind",
                            "type": "string",
                            "value": "client"
                        },
                        {
                            "key": "component",
                            "type": "string",
                            "value": "gRPC"
                        },
                        {
                            "key": "internal.span.format",
                            "type": "string",
                            "value": "proto"
                        }
                    ],
                    "logs": [],
                    "processID": "p1",
                    "warnings": null
                },
                {
                    "traceID": "072111fd10fba4ed",
                    "spanID": "51b2812b753c4c77",
                    "flags": 1,
                    "operationName": "/profile.Profile/GetProfiles",
                    "references": [
                        {
                            "refType": "CHILD_OF",
                            "traceID": "072111fd10fba4ed",
                            "spanID": "072111fd10fba4ed"
                        }
                    ],
                    "startTime": 1655666684459629,
                    "duration": 3417,
                    "tags": [
                        {
                            "key": "span.kind",
                            "type": "string",
                            "value": "client"
                        },
                        {
                            "key": "component",
                            "type": "string",
                            "value": "gRPC"
                        },
                        {
                            "key": "internal.span.format",
                            "type": "string",
                            "value": "proto"
                        }
                    ],
                    "logs": [],
                    "processID": "p1",
                    "warnings": null
                },
                {
                    "traceID": "072111fd10fba4ed",
                    "spanID": "072111fd10fba4ed",
                    "flags": 1,
                    "operationName": "HTTP GET /hotels",
                    "references": [],
                    "startTime": 1655666684445709,
                    "duration": 17466,
                    "tags": [
                        {
                            "key": "sampler.type",
                            "type": "string",
                            "value": "probabilistic"
                        },
                        {
                            "key": "sampler.param",
                            "type": "float64",
                            "value": 0.3
                        },
                        {
                            "key": "span.kind",
                            "type": "string",
                            "value": "server"
                        },
                        {
                            "key": "http.method",
                            "type": "string",
                            "value": "GET"
                        },
                        {
                            "key": "http.url",
                            "type": "string",
                            "value": "/hotels?inDate=2015-04-16\u0026outDate=2015-04-23\u0026lat=37.874\u0026lon=-121.936"
                        },
                        {
                            "key": "component",
                            "type": "string",
                            "value": "net/http"
                        },
                        {
                            "key": "http.status_code",
                            "type": "int64",
                            "value": 200
                        },
                        {
                            "key": "internal.span.format",
                            "type": "string",
                            "value": "proto"
                        }
                    ],
                    "logs": [],
                    "processID": "p1",
                    "warnings": null
                },
                {
                    "traceID": "072111fd10fba4ed",
                    "spanID": "4500a5cbb3d2531b",
                    "flags": 1,
                    "operationName": "/profile.Profile/GetProfiles",
                    "references": [
                        {
                            "refType": "CHILD_OF",
                            "traceID": "072111fd10fba4ed",
                            "spanID": "51b2812b753c4c77"
                        }
                    ],
                    "startTime": 1655666684455211,
                    "duration": 306,
                    "tags": [
                        {
                            "key": "span.kind",
                            "type": "string",
                            "value": "server"
                        },
                        {
                            "key": "component",
                            "type": "string",
                            "value": "gRPC"
                        },
                        {
                            "key": "internal.span.format",
                            "type": "string",
                            "value": "proto"
                        }
                    ],
                    "logs": [],
                    "processID": "p2",
                    "warnings": [
                        "clock skew adjustment disabled; not applying calculated delta of 5.9735ms"
                    ]
                },
                {
                    "traceID": "072111fd10fba4ed",
                    "spanID": "5efea25e16df9f19",
                    "flags": 1,
                    "operationName": "/rate.Rate/GetRates",
                    "references": [
                        {
                            "refType": "CHILD_OF",
                            "traceID": "072111fd10fba4ed",
                            "spanID": "1bbf9e3172cae608"
                        }
                    ],
                    "startTime": 1655666684452656,
                    "duration": 8,
                    "tags": [
                        {
                            "key": "span.kind",
                            "type": "string",
                            "value": "server"
                        },
                        {
                            "key": "component",
                            "type": "string",
                            "value": "gRPC"
                        },
                        {
                            "key": "internal.span.format",
                            "type": "string",
                            "value": "proto"
                        }
                    ],
                    "logs": [],
                    "processID": "p3",
                    "warnings": [
                        "clock skew adjustment disabled; not applying calculated delta of -5.778ms"
                    ]
                },
                {
                    "traceID": "072111fd10fba4ed",
                    "spanID": "79a78717339b3949",
                    "flags": 1,
                    "operationName": "/geo.Geo/Nearby",
                    "references": [
                        {
                            "refType": "CHILD_OF",
                            "traceID": "072111fd10fba4ed",
                            "spanID": "1e340576d88f34b0"
                        }
                    ],
                    "startTime": 1655666684449885,
                    "duration": 846,
                    "tags": [
                        {
                            "key": "span.kind",
                            "type": "string",
                            "value": "server"
                        },
                        {
                            "key": "component",
                            "type": "string",
                            "value": "gRPC"
                        },
                        {
                            "key": "internal.span.format",
                            "type": "string",
                            "value": "proto"
                        }
                    ],
                    "logs": [],
                    "processID": "p4",
                    "warnings": [
                        "clock skew adjustment disabled; not applying calculated delta of -6.22ms"
                    ]
                },
                {
                    "traceID": "072111fd10fba4ed",
                    "spanID": "1e340576d88f34b0",
                    "flags": 1,
                    "operationName": "/geo.Geo/Nearby",
                    "references": [
                        {
                            "refType": "CHILD_OF",
                            "traceID": "072111fd10fba4ed",
                            "spanID": "6e656c6d56a05def"
                        }
                    ],
                    "startTime": 1655666684442306,
                    "duration": 3564,
                    "tags": [
                        {
                            "key": "span.kind",
                            "type": "string",
                            "value": "client"
                        },
                        {
                            "key": "component",
                            "type": "string",
                            "value": "gRPC"
                        },
                        {
                            "key": "internal.span.format",
                            "type": "string",
                            "value": "proto"
                        }
                    ],
                    "logs": [],
                    "processID": "p5",
                    "warnings": [
                        "clock skew adjustment disabled; not applying calculated delta of 6.332ms"
                    ]
                },
                {
                    "traceID": "072111fd10fba4ed",
                    "spanID": "1bbf9e3172cae608",
                    "flags": 1,
                    "operationName": "/rate.Rate/GetRates",
                    "references": [
                        {
                            "refType": "CHILD_OF",
                            "traceID": "072111fd10fba4ed",
                            "spanID": "6e656c6d56a05def"
                        }
                    ],
                    "startTime": 1655666684445882,
                    "duration": 2000,
                    "tags": [
                        {
                            "key": "span.kind",
                            "type": "string",
                            "value": "client"
                        },
                        {
                            "key": "component",
                            "type": "string",
                            "value": "gRPC"
                        },
                        {
                            "key": "internal.span.format",
                            "type": "string",
                            "value": "proto"
                        }
                    ],
                    "logs": [],
                    "processID": "p5",
                    "warnings": [
                        "clock skew adjustment disabled; not applying calculated delta of 6.332ms"
                    ]
                },
                {
                    "traceID": "072111fd10fba4ed",
                    "spanID": "6e656c6d56a05def",
                    "flags": 1,
                    "operationName": "/search.Search/Nearby",
                    "references": [
                        {
                            "refType": "CHILD_OF",
                            "traceID": "072111fd10fba4ed",
                            "spanID": "4eeb539e7006d3b3"
                        }
                    ],
                    "startTime": 1655666684442147,
                    "duration": 5748,
                    "tags": [
                        {
                            "key": "component",
                            "type": "string",
                            "value": "gRPC"
                        },
                        {
                            "key": "span.kind",
                            "type": "string",
                            "value": "server"
                        },
                        {
                            "key": "internal.span.format",
                            "type": "string",
                            "value": "proto"
                        }
                    ],
                    "logs": [],
                    "processID": "p5",
                    "warnings": [
                        "clock skew adjustment disabled; not applying calculated delta of 6.332ms"
                    ]
                },
                {
                    "traceID": "072111fd10fba4ed",
                    "spanID": "6ad1bbe17a1a269b",
                    "flags": 1,
                    "operationName": "/reservation.Reservation/CheckAvailability",
                    "references": [
                        {
                            "refType": "CHILD_OF",
                            "traceID": "072111fd10fba4ed",
                            "spanID": "5b3291b2d2a802a8"
                        }
                    ],
                    "startTime": 1655666684452813,
                    "duration": 18,
                    "tags": [
                        {
                            "key": "span.kind",
                            "type": "string",
                            "value": "server"
                        },
                        {
                            "key": "component",
                            "type": "string",
                            "value": "gRPC"
                        },
                        {
                            "key": "internal.span.format",
                            "type": "string",
                            "value": "proto"
                        }
                    ],
                    "logs": [],
                    "processID": "p6",
                    "warnings": [
                        "clock skew adjustment disabled; not applying calculated delta of 5.2445ms"
                    ]
                }
            ],
            "processes": {
                "p1": {
                    "serviceName": "frontend",
                    "tags": [
                        {
                            "key": "hostname",
                            "type": "string",
                            "value": "frontend-6454445786-mt8jg"
                        },
                        {
                            "key": "ip",
                            "type": "string",
                            "value": "10.0.1.38"
                        },
                        {
                            "key": "jaeger.version",
                            "type": "string",
                            "value": "Go-2.11.2"
                        }
                    ]
                },
                "p2": {
                    "serviceName": "profile",
                    "tags": [
                        {
                            "key": "hostname",
                            "type": "string",
                            "value": "profile-76b8dc865f-f4fb4"
                        },
                        {
                            "key": "ip",
                            "type": "string",
                            "value": "10.0.2.53"
                        },
                        {
                            "key": "jaeger.version",
                            "type": "string",
                            "value": "Go-2.11.2"
                        }
                    ]
                },
                "p3": {
                    "serviceName": "rate",
                    "tags": [
                        {
                            "key": "hostname",
                            "type": "string",
                            "value": "rate-6bbcdf7467-n96np"
                        },
                        {
                            "key": "ip",
                            "type": "string",
                            "value": "10.0.1.196"
                        },
                        {
                            "key": "jaeger.version",
                            "type": "string",
                            "value": "Go-2.11.2"
                        }
                    ]
                },
                "p4": {
                    "serviceName": "geo",
                    "tags": [
                        {
                            "key": "hostname",
                            "type": "string",
                            "value": "geo-697868b76f-bn8sp"
                        },
                        {
                            "key": "ip",
                            "type": "string",
                            "value": "10.0.1.32"
                        },
                        {
                            "key": "jaeger.version",
                            "type": "string",
                            "value": "Go-2.11.2"
                        }
                    ]
                },
                "p5": {
                    "serviceName": "search",
                    "tags": [
                        {
                            "key": "hostname",
                            "type": "string",
                            "value": "search-685f85c75f-k6zkm"
                        },
                        {
                            "key": "ip",
                            "type": "string",
                            "value": "10.0.2.164"
                        },
                        {
                            "key": "jaeger.version",
                            "type": "string",
                            "value": "Go-2.11.2"
                        }
                    ]
                },
                "p6": {
                    "serviceName": "reservation",
                    "tags": [
                        {
                            "key": "hostname",
                            "type": "string",
                            "value": "reservation-54b878688d-v5q78"
                        },
                        {
                            "key": "ip",
                            "type": "string",
                            "value": "10.0.2.193"
                        },
                        {
                            "key": "jaeger.version",
                            "type": "string",
                            "value": "Go-2.11.2"
                        }
                    ]
                }
            },
            "warnings": null
        }
    ],
    "total": 0,
    "limit": 0,
    "offset": 0,
    "errors": null
}