{
    "data": [
        {
            "traceID": "52f03402f309d1ee",
            "spans": [
                {
                    "traceID": "52f03402f309d1ee",
                    "spanID": "58aa6356ccf0d420",
                    "flags": 1,
                    "operationName": "/rate.Rate/GetRates",
                    "references": [
                        {
                            "refType": "CHILD_OF",
                            "traceID": "52f03402f309d1ee",
                            "spanID": "5cb010187d39bee9"
                        }
                    ],
                    "startTime": 1661624185150362,
                    "duration": 2473,
                    "tags": [
                        {
                            "key": "span.kind",
                            "type": "string",
                            "value": "server"
                        },
                        {
                            "key": "component",
                            "type": "string",
                            "value": "gRPC"
                        },
                        {
                            "key": "internal.span.format",
                            "type": "string",
                            "value": "proto"
                        }
                    ],
                    "logs": [],
                    "processID": "p1",
                    "warnings": null
                },
                {
                    "traceID": "52f03402f309d1ee",
                    "spanID": "08a7f51d6be15444",
                    "flags": 1,
                    "operationName": "/reservation.Reservation/CheckAvailability",
                    "references": [
                        {
                            "refType": "CHILD_OF",
                            "traceID": "52f03402f309d1ee",
                            "spanID": "31827936d25b11ff"
                        }
                    ],
                    "startTime": 1661624185158313,
                    "duration": 1398,
                    "tags": [
                        {
                            "key": "component",
                            "type": "string",
                            "value": "gRPC"
                        },
                        {
                            "key": "span.kind",
                            "type": "string",
                            "value": "server"
                        },
                        {
                            "key": "internal.span.format",
                            "type": "string",
                            "value": "proto"
                        }
                    ],
                    "logs": [],
                    "processID": "p2",
                    "warnings": [
                        "clock skew adjustment disabled; not applying calculated delta of -2.0155ms"
                    ]
                },
                {
                    "traceID": "52f03402f309d1ee",
                    "spanID": "17758bc26194424d",
                    "flags": 1,
                    "operationName": "/profile.Profile/GetProfiles",
                    "references": [
                        {
                            "refType": "CHILD_OF",
                            "traceID": "52f03402f309d1ee",
                            "spanID": "6bf6f1fbdb35017d"
                        }
                    ],
                    "startTime": 1661624185162193,
                    "duration": 1052,
                    "tags": [
                        {
                            "key": "span.kind",
                            "type": "string",
                            "value": "server"
                        },
                        {
                            "key": "component",
                            "type": "string",
                            "value": "gRPC"
                        },
                        {
                            "key": "internal.span.format",
                            "type": "string",
                            "value": "proto"
                        }
                    ],
                    "logs": [],
                    "processID": "p3",
                    "warnings": [
                        "clock skew adjustment disabled; not applying calculated delta of -1.848ms"
                    ]
                },
                {
                    "traceID": "52f03402f309d1ee",
                    "spanID": "5183105d431e1899",
                    "flags": 1,
                    "operationName": "/search.Search/Nearby",
                    "references": [
                        {
                            "refType": "CHILD_OF",
                            "traceID": "52f03402f309d1ee",
                            "spanID": "52f03402f309d1ee"
                        }
                    ],
                    "startTime": 1661624185146704,
                    "duration": 8014,
                    "tags": [
                        {
                            "key": "span.kind",
                            "type": "string",
                            "value": "client"
                        },
                        {
                            "key": "component",
                            "type": "string",
                            "value": "gRPC"
                        },
                        {
                            "key": "internal.span.format",
                            "type": "string",
                            "value": "proto"
                        }
                    ],
                    "logs": [],
                    "processID": "p4",
                    "warnings": null
                },
                {
                    "traceID": "52f03402f309d1ee",
                    "spanID": "31827936d25b11ff",
                    "flags": 1,
                    "operationName": "/reservation.Reservation/CheckAvailability",
                    "references": [
                        {
                            "refType": "CHILD_OF",
                            "traceID": "52f03402f309d1ee",
                            "spanID": "52f03402f309d1ee"
                        }
                    ],
                    "startTime": 1661624185154834,
                    "duration": 4325,
                    "tags": [
                        {
                            "key": "span.kind",
                            "type": "string",
                            "value": "client"
                        },
                        {
                            "key": "component",
                            "type": "string",
                            "value": "gRPC"
                        },
                        {
                            "key": "internal.span.format",
                            "type": "string",
                            "value": "proto"
                        }
                    ],
                    "logs": [],
                    "processID": "p4",
                    "warnings": null
                },
                {
                    "traceID": "52f03402f309d1ee",
                    "spanID": "6bf6f1fbdb35017d",
                    "flags": 1,
                    "operationName": "/profile.Profile/GetProfiles",
                    "references": [
                        {
                            "refType": "CHILD_OF",
                            "traceID": "52f03402f309d1ee",
                            "spanID": "52f03402f309d1ee"
                        }
                    ],
                    "startTime": 1661624185159269,
                    "duration": 3204,
                    "tags": [
                        {
                            "key": "span.kind",
                            "type": "string",
                            "value": "client"
                        },
                        {
                            "key": "component",
                            "type": "string",
                            "value": "gRPC"
                        },
                        {
                            "key": "internal.span.format",
                            "type": "string",
                            "value": "proto"
                        }
                    ],
                    "logs": [],
                    "processID": "p4",
                    "warnings": null
                },
                {
                    "traceID": "52f03402f309d1ee",
                    "spanID": "52f03402f309d1ee",
                    "flags": 1,
                    "operationName": "HTTP GET /hotels",
                    "references": [],
                    "startTime": 1661624185146566,
                    "duration": 16031,
                    "tags": [
                        {
                            "key": "sampler.type",
                            "type": "string",
                            "value": "probabilistic"
                        },
                        {
                            "key": "sampler.param",
                            "type": "float64",
                            "value": 1
                        },
                        {
                            "key": "span.kind",
                            "type": "string",
                            "value": "server"
                        },
                        {
                            "key": "http.method",
                            "type": "string",
                            "value": "GET"
                        },
                        {
                            "key": "http.url",
                            "type": "string",
                            "value": "/hotels?inDate=2015-04-22\u0026outDate=2015-04-23\u0026lat=37.939\u0026lon=-122.092"
                        },
                        {
                            "key": "component",
                            "type": "string",
                            "value": "net/http"
                        },
                        {
                            "key": "http.status_code",
                            "type": "int64",
                            "value": 200
                        },
                        {
                            "key": "internal.span.format",
                            "type": "string",
                            "value": "proto"
                        }
                    ],
                    "logs": [],
                    "processID": "p4",
                    "warnings": null
                },
                {
                    "traceID": "52f03402f309d1ee",
                    "spanID": "24c7921262882b47",
                    "flags": 1,
                    "operationName": "/geo.Geo/Nearby",
                    "references": [
                        {
                            "refType": "CHILD_OF",
                            "traceID": "52f03402f309d1ee",
                            "spanID": "0a569919a014ffc2"
                        }
                    ],
                    "startTime": 1661624185147771,
                    "duration": 1799,
                    "tags": [
                        {
                            "key": "span.kind",
                            "type": "string",
                            "value": "client"
                        },
                        {
                            "key": "component",
                            "type": "string",
                            "value": "gRPC"
                        },
                        {
                            "key": "internal.span.format",
                            "type": "string",
                            "value": "proto"
                        }
                    ],
                    "logs": [],
                    "processID": "p5",
                    "warnings": null
                },
                {
                    "traceID": "52f03402f309d1ee",
                    "spanID": "5cb010187d39bee9",
                    "flags": 1,
                    "operationName": "/rate.Rate/GetRates",
                    "references": [
                        {
                            "refType": "CHILD_OF",
                            "traceID": "52f03402f309d1ee",
                            "spanID": "0a569919a014ffc2"
                        }
                    ],
                    "startTime": 1661624185149593,
                    "duration": 3919,
                    "tags": [
                        {
                            "key": "span.kind",
                            "type": "string",
                            "value": "client"
                        },
                        {
                            "key": "component",
                            "type": "string",
                            "value": "gRPC"
                        },
                        {
                            "key": "internal.span.format",
                            "type": "string",
                            "value": "proto"
                        }
                    ],
                    "logs": [],
                    "processID": "p5",
                    "warnings": null
                },
                {
                    "traceID": "52f03402f309d1ee",
                    "spanID": "0a569919a014ffc2",
                    "flags": 1,
                    "operationName": "/search.Search/Nearby",
                    "references": [
                        {
                            "refType": "CHILD_OF",
                            "traceID": "52f03402f309d1ee",
                            "spanID": "5183105d431e1899"
                        }
                    ],
                    "startTime": 1661624185147714,
                    "duration": 5832,
                    "tags": [
                        {
                            "key": "span.kind",
                            "type": "string",
                            "value": "server"
                        },
                        {
                            "key": "component",
                            "type": "string",
                            "value": "gRPC"
                        },
                        {
                            "key": "internal.span.format",
                            "type": "string",
                            "value": "proto"
                        }
                    ],
                    "logs": [],
                    "processID": "p5",
                    "warnings": null
                },
                {
                    "traceID": "52f03402f309d1ee",
                    "spanID": "63fec27c4bc9ac67",
                    "flags": 1,
                    "operationName": "/geo.Geo/Nearby",
                    "references": [
                        {
                            "refType": "CHILD_OF",
                            "traceID": "52f03402f309d1ee",
                            "spanID": "24c7921262882b47"
                        }
                    ],
                    "startTime": 1661624185148779,
                    "duration": 57,
                    "tags": [
                        {
                            "key": "span.kind",
                            "type": "string",
                            "value": "server"
                        },
                        {
                            "key": "component",
                            "type": "string",
                            "value": "gRPC"
                        },
                        {
                            "key": "internal.span.format",
                            "type": "string",
                            "value": "proto"
                        }
                    ],
                    "logs": [],
                    "processID": "p6",
                    "warnings": null
                }
            ],
            "processes": {
                "p1": {
                    "serviceName": "rate",
                    "tags": [
                        {
                            "key": "hostname",
                            "type": "string",
                            "value": "rate-5d857d8f8f-jx9mp"
                        },
                        {
                            "key": "ip",
                            "type": "string",
                            "value": "10.0.1.100"
                        },
                        {
                            "key": "jaeger.version",
                            "type": "string",
                            "value": "Go-2.11.2"
                        }
                    ]
                },
                "p2": {
                    "serviceName": "reservation",
                    "tags": [
                        {
                            "key": "hostname",
                            "type": "string",
                            "value": "reservation-6cbdb5988b-qpk94"
                        },
                        {
                            "key": "ip",
                            "type": "string",
                            "value": "10.0.2.121"
                        },
                        {
                            "key": "jaeger.version",
                            "type": "string",
                            "value": "Go-2.11.2"
                        }
                    ]
                },
                "p3": {
                    "serviceName": "profile",
                    "tags": [
                        {
                            "key": "hostname",
                            "type": "string",
                            "value": "profile-57456bb445-hpmf4"
                        },
                        {
                            "key": "ip",
                            "type": "string",
                            "value": "10.0.2.20"
                        },
                        {
                            "key": "jaeger.version",
                            "type": "string",
                            "value": "Go-2.11.2"
                        }
                    ]
                },
                "p4": {
                    "serviceName": "frontend",
                    "tags": [
                        {
                            "key": "hostname",
                            "type": "string",
                            "value": "frontend-7f8744d6c8-cbstj"
                        },
                        {
                            "key": "ip",
                            "type": "string",
                            "value": "10.0.1.35"
                        },
                        {
                            "key": "jaeger.version",
                            "type": "string",
                            "value": "Go-2.11.2"
                        }
                    ]
                },
                "p5": {
                    "serviceName": "search",
                    "tags": [
                        {
                            "key": "hostname",
                            "type": "string",
                            "value": "search-5d8bddb445-twcb2"
                        },
                        {
                            "key": "ip",
                            "type": "string",
                            "value": "10.0.1.18"
                        },
                        {
                            "key": "jaeger.version",
                            "type": "string",
                            "value": "Go-2.11.2"
                        }
                    ]
                },
                "p6": {
                    "serviceName": "geo",
                    "tags": [
                        {
                            "key": "hostname",
                            "type": "string",
                            "value": "geo-5d7689555f-k9rv2"
                        },
                        {
                            "key": "ip",
                            "type": "string",
                            "value": "10.0.1.56"
                        },
                        {
                            "key": "jaeger.version",
                            "type": "string",
                            "value": "Go-2.11.2"
                        }
                    ]
                }
            },
            "warnings": null
        }
    ],
    "total": 0,
    "limit": 0,
    "offset": 0,
    "errors": null
}