{
    "data": [
        {
            "traceID": "2638bfde52d6867a",
            "spans": [
                {
                    "traceID": "2638bfde52d6867a",
                    "spanID": "1f79a203a45486a3",
                    "flags": 1,
                    "operationName": "/profile.Profile/GetProfiles",
                    "references": [
                        {
                            "refType": "CHILD_OF",
                            "traceID": "2638bfde52d6867a",
                            "spanID": "046e1145c639fcdc"
                        }
                    ],
                    "startTime": 1655947346255704,
                    "duration": 7,
                    "tags": [
                        {
                            "key": "span.kind",
                            "type": "string",
                            "value": "server"
                        },
                        {
                            "key": "component",
                            "type": "string",
                            "value": "gRPC"
                        },
                        {
                            "key": "internal.span.format",
                            "type": "string",
                            "value": "proto"
                        }
                    ],
                    "logs": [],
                    "processID": "p1",
                    "warnings": [
                        "clock skew adjustment disabled; not applying calculated delta of -1.8145ms"
                    ]
                },
                {
                    "traceID": "2638bfde52d6867a",
                    "spanID": "1d8809c555017128",
                    "flags": 1,
                    "operationName": "/search.Search/Nearby",
                    "references": [
                        {
                            "refType": "CHILD_OF",
                            "traceID": "2638bfde52d6867a",
                            "spanID": "2638bfde52d6867a"
                        }
                    ],
                    "startTime": 1655947346211245,
                    "duration": 38086,
                    "tags": [
                        {
                            "key": "span.kind",
                            "type": "string",
                            "value": "client"
                        },
                        {
                            "key": "component",
                            "type": "string",
                            "value": "gRPC"
                        },
                        {
                            "key": "internal.span.format",
                            "type": "string",
                            "value": "proto"
                        }
                    ],
                    "logs": [],
                    "processID": "p2",
                    "warnings": null
                },
                {
                    "traceID": "2638bfde52d6867a",
                    "spanID": "5ab69ae1590384f6",
                    "flags": 1,
                    "operationName": "/reservation.Reservation/CheckAvailability",
                    "references": [
                        {
                            "refType": "CHILD_OF",
                            "traceID": "2638bfde52d6867a",
                            "spanID": "2638bfde52d6867a"
                        }
                    ],
                    "startTime": 1655947346249488,
                    "duration": 2388,
                    "tags": [
                        {
                            "key": "span.kind",
                            "type": "string",
                            "value": "client"
                        },
                        {
                            "key": "component",
                            "type": "string",
                            "value": "gRPC"
                        },
                        {
                            "key": "internal.span.format",
                            "type": "string",
                            "value": "proto"
                        }
                    ],
                    "logs": [],
                    "processID": "p2",
                    "warnings": null
                },
                {
                    "traceID": "2638bfde52d6867a",
                    "spanID": "046e1145c639fcdc",
                    "flags": 1,
                    "operationName": "/profile.Profile/GetProfiles",
                    "references": [
                        {
                            "refType": "CHILD_OF",
                            "traceID": "2638bfde52d6867a",
                            "spanID": "2638bfde52d6867a"
                        }
                    ],
                    "startTime": 1655947346252301,
                    "duration": 3184,
                    "tags": [
                        {
                            "key": "span.kind",
                            "type": "string",
                            "value": "client"
                        },
                        {
                            "key": "component",
                            "type": "string",
                            "value": "gRPC"
                        },
                        {
                            "key": "internal.span.format",
                            "type": "string",
                            "value": "proto"
                        }
                    ],
                    "logs": [],
                    "processID": "p2",
                    "warnings": null
                },
                {
                    "traceID": "2638bfde52d6867a",
                    "spanID": "2638bfde52d6867a",
                    "flags": 1,
                    "operationName": "HTTP GET /hotels",
                    "references": [],
                    "startTime": 1655947346211093,
                    "duration": 44440,
                    "tags": [
                        {
                            "key": "sampler.type",
                            "type": "string",
                            "value": "const"
                        },
                        {
                            "key": "sampler.param",
                            "type": "bool",
                            "value": true
                        },
                        {
                            "key": "span.kind",
                            "type": "string",
                            "value": "server"
                        },
                        {
                            "key": "http.method",
                            "type": "string",
                            "value": "GET"
                        },
                        {
                            "key": "http.url",
                            "type": "string",
                            "value": "/hotels?inDate=2015-04-16\u0026outDate=2015-04-19\u0026lat=38.22\u0026lon=-122.193"
                        },
                        {
                            "key": "component",
                            "type": "string",
                            "value": "net/http"
                        },
                        {
                            "key": "http.status_code",
                            "type": "int64",
                            "value": 200
                        },
                        {
                            "key": "internal.span.format",
                            "type": "string",
                            "value": "proto"
                        }
                    ],
                    "logs": [],
                    "processID": "p2",
                    "warnings": null
                },
                {
                    "traceID": "2638bfde52d6867a",
                    "spanID": "4e6aa5e7cac1da0d",
                    "flags": 1,
                    "operationName": "/geo.Geo/Nearby",
                    "references": [
                        {
                            "refType": "CHILD_OF",
                            "traceID": "2638bfde52d6867a",
                            "spanID": "1d546c7faf38469f"
                        }
                    ],
                    "startTime": 1655947346212911,
                    "duration": 30509,
                    "tags": [
                        {
                            "key": "span.kind",
                            "type": "string",
                            "value": "server"
                        },
                        {
                            "key": "component",
                            "type": "string",
                            "value": "gRPC"
                        },
                        {
                            "key": "internal.span.format",
                            "type": "string",
                            "value": "proto"
                        }
                    ],
                    "logs": [],
                    "processID": "p3",
                    "warnings": null
                },
                {
                    "traceID": "2638bfde52d6867a",
                    "spanID": "6619ad91753304bf",
                    "flags": 1,
                    "operationName": "/reservation.Reservation/CheckAvailability",
                    "references": [
                        {
                            "refType": "CHILD_OF",
                            "traceID": "2638bfde52d6867a",
                            "spanID": "5ab69ae1590384f6"
                        }
                    ],
                    "startTime": 1655947346251043,
                    "duration": 4,
                    "tags": [
                        {
                            "key": "span.kind",
                            "type": "string",
                            "value": "server"
                        },
                        {
                            "key": "component",
                            "type": "string",
                            "value": "gRPC"
                        },
                        {
                            "key": "internal.span.format",
                            "type": "string",
                            "value": "proto"
                        }
                    ],
                    "logs": [],
                    "processID": "p4",
                    "warnings": null
                },
                {
                    "traceID": "2638bfde52d6867a",
                    "spanID": "1d546c7faf38469f",
                    "flags": 1,
                    "operationName": "/geo.Geo/Nearby",
                    "references": [
                        {
                            "refType": "CHILD_OF",
                            "traceID": "2638bfde52d6867a",
                            "spanID": "6acfc27cc365d27c"
                        }
                    ],
                    "startTime": 1655947346212186,
                    "duration": 32840,
                    "tags": [
                        {
                            "key": "span.kind",
                            "type": "string",
                            "value": "client"
                        },
                        {
                            "key": "component",
                            "type": "string",
                            "value": "gRPC"
                        },
                        {
                            "key": "internal.span.format",
                            "type": "string",
                            "value": "proto"
                        }
                    ],
                    "logs": [],
                    "processID": "p5",
                    "warnings": null
                },
                {
                    "traceID": "2638bfde52d6867a",
                    "spanID": "6cffe7bd6263b4ee",
                    "flags": 1,
                    "operationName": "/rate.Rate/GetRates",
                    "references": [
                        {
                            "refType": "CHILD_OF",
                            "traceID": "2638bfde52d6867a",
                            "spanID": "6acfc27cc365d27c"
                        }
                    ],
                    "startTime": 1655947346245041,
                    "duration": 2372,
                    "tags": [
                        {
                            "key": "span.kind",
                            "type": "string",
                            "value": "client"
                        },
                        {
                            "key": "component",
                            "type": "string",
                            "value": "gRPC"
                        },
                        {
                            "key": "internal.span.format",
                            "type": "string",
                            "value": "proto"
                        }
                    ],
                    "logs": [],
                    "processID": "p5",
                    "warnings": null
                },
                {
                    "traceID": "2638bfde52d6867a",
                    "spanID": "6acfc27cc365d27c",
                    "flags": 1,
                    "operationName": "/search.Search/Nearby",
                    "references": [
                        {
                            "refType": "CHILD_OF",
                            "traceID": "2638bfde52d6867a",
                            "spanID": "1d8809c555017128"
                        }
                    ],
                    "startTime": 1655947346212173,
                    "duration": 35245,
                    "tags": [
                        {
                            "key": "span.kind",
                            "type": "string",
                            "value": "server"
                        },
                        {
                            "key": "component",
                            "type": "string",
                            "value": "gRPC"
                        },
                        {
                            "key": "internal.span.format",
                            "type": "string",
                            "value": "proto"
                        }
                    ],
                    "logs": [],
                    "processID": "p5",
                    "warnings": null
                },
                {
                    "traceID": "2638bfde52d6867a",
                    "spanID": "131cd18575e848e1",
                    "flags": 1,
                    "operationName": "/rate.Rate/GetRates",
                    "references": [
                        {
                            "refType": "CHILD_OF",
                            "traceID": "2638bfde52d6867a",
                            "spanID": "6cffe7bd6263b4ee"
                        }
                    ],
                    "startTime": 1655947346246384,
                    "duration": 13,
                    "tags": [
                        {
                            "key": "span.kind",
                            "type": "string",
                            "value": "server"
                        },
                        {
                            "key": "component",
                            "type": "string",
                            "value": "gRPC"
                        },
                        {
                            "key": "internal.span.format",
                            "type": "string",
                            "value": "proto"
                        }
                    ],
                    "logs": [],
                    "processID": "p6",
                    "warnings": null
                }
            ],
            "processes": {
                "p1": {
                    "serviceName": "profile",
                    "tags": [
                        {
                            "key": "hostname",
                            "type": "string",
                            "value": "profile-6f966c5498-vkvdf"
                        },
                        {
                            "key": "ip",
                            "type": "string",
                            "value": "10.0.1.169"
                        },
                        {
                            "key": "jaeger.version",
                            "type": "string",
                            "value": "Go-2.11.2"
                        }
                    ]
                },
                "p2": {
                    "serviceName": "frontend",
                    "tags": [
                        {
                            "key": "hostname",
                            "type": "string",
                            "value": "frontend-58bf745b7c-jtgkq"
                        },
                        {
                            "key": "ip",
                            "type": "string",
                            "value": "10.0.2.6"
                        },
                        {
                            "key": "jaeger.version",
                            "type": "string",
                            "value": "Go-2.11.2"
                        }
                    ]
                },
                "p3": {
                    "serviceName": "geo",
                    "tags": [
                        {
                            "key": "hostname",
                            "type": "string",
                            "value": "geo-5d7bbbc5d4-pw6vm"
                        },
                        {
                            "key": "ip",
                            "type": "string",
                            "value": "10.0.2.70"
                        },
                        {
                            "key": "jaeger.version",
                            "type": "string",
                            "value": "Go-2.11.2"
                        }
                    ]
                },
                "p4": {
                    "serviceName": "reservation",
                    "tags": [
                        {
                            "key": "hostname",
                            "type": "string",
                            "value": "reservation-7459d56f59-rjhvk"
                        },
                        {
                            "key": "ip",
                            "type": "string",
                            "value": "10.0.2.254"
                        },
                        {
                            "key": "jaeger.version",
                            "type": "string",
                            "value": "Go-2.11.2"
                        }
                    ]
                },
                "p5": {
                    "serviceName": "search",
                    "tags": [
                        {
                            "key": "hostname",
                            "type": "string",
                            "value": "search-7cc89cbc76-jtqts"
                        },
                        {
                            "key": "ip",
                            "type": "string",
                            "value": "10.0.2.14"
                        },
                        {
                            "key": "jaeger.version",
                            "type": "string",
                            "value": "Go-2.11.2"
                        }
                    ]
                },
                "p6": {
                    "serviceName": "rate",
                    "tags": [
                        {
                            "key": "hostname",
                            "type": "string",
                            "value": "rate-77c5c8d56-9r9zl"
                        },
                        {
                            "key": "ip",
                            "type": "string",
                            "value": "10.0.2.80"
                        },
                        {
                            "key": "jaeger.version",
                            "type": "string",
                            "value": "Go-2.11.2"
                        }
                    ]
                }
            },
            "warnings": null
        }
    ],
    "total": 0,
    "limit": 0,
    "offset": 0,
    "errors": null
}