{
    "data": [
        {
            "traceID": "0aa1a557b06d77f3",
            "spans": [
                {
                    "traceID": "0aa1a557b06d77f3",
                    "spanID": "421b8b2b2473b113",
                    "flags": 1,
                    "operationName": "/reservation.Reservation/CheckAvailability",
                    "references": [
                        {
                            "refType": "CHILD_OF",
                            "traceID": "0aa1a557b06d77f3",
                            "spanID": "656478d232fae1d7"
                        }
                    ],
                    "startTime": 1655753720558051,
                    "duration": 12,
                    "tags": [
                        {
                            "key": "span.kind",
                            "type": "string",
                            "value": "server"
                        },
                        {
                            "key": "component",
                            "type": "string",
                            "value": "gRPC"
                        },
                        {
                            "key": "internal.span.format",
                            "type": "string",
                            "value": "proto"
                        }
                    ],
                    "logs": [],
                    "processID": "p1",
                    "warnings": [
                        "clock skew adjustment disabled; not applying calculated delta of -1.428ms"
                    ]
                },
                {
                    "traceID": "0aa1a557b06d77f3",
                    "spanID": "73b5432c7975637f",
                    "flags": 1,
                    "operationName": "/profile.Profile/GetProfiles",
                    "references": [
                        {
                            "refType": "CHILD_OF",
                            "traceID": "0aa1a557b06d77f3",
                            "spanID": "49d9866696c07ee1"
                        }
                    ],
                    "startTime": 1655753720558805,
                    "duration": 158,
                    "tags": [
                        {
                            "key": "span.kind",
                            "type": "string",
                            "value": "server"
                        },
                        {
                            "key": "component",
                            "type": "string",
                            "value": "gRPC"
                        },
                        {
                            "key": "internal.span.format",
                            "type": "string",
                            "value": "proto"
                        }
                    ],
                    "logs": [],
                    "processID": "p2",
                    "warnings": null
                },
                {
                    "traceID": "0aa1a557b06d77f3",
                    "spanID": "0c579a54c8904cd2",
                    "flags": 1,
                    "operationName": "/geo.Geo/Nearby",
                    "references": [
                        {
                            "refType": "CHILD_OF",
                            "traceID": "0aa1a557b06d77f3",
                            "spanID": "65fd13c145598bec"
                        }
                    ],
                    "startTime": 1655753720552262,
                    "duration": 294,
                    "tags": [
                        {
                            "key": "component",
                            "type": "string",
                            "value": "gRPC"
                        },
                        {
                            "key": "span.kind",
                            "type": "string",
                            "value": "server"
                        },
                        {
                            "key": "internal.span.format",
                            "type": "string",
                            "value": "proto"
                        }
                    ],
                    "logs": [],
                    "processID": "p3",
                    "warnings": null
                },
                {
                    "traceID": "0aa1a557b06d77f3",
                    "spanID": "0ce4d850a88e52ca",
                    "flags": 1,
                    "operationName": "/search.Search/Nearby",
                    "references": [
                        {
                            "refType": "CHILD_OF",
                            "traceID": "0aa1a557b06d77f3",
                            "spanID": "0aa1a557b06d77f3"
                        }
                    ],
                    "startTime": 1655753720548752,
                    "duration": 6892,
                    "tags": [
                        {
                            "key": "span.kind",
                            "type": "string",
                            "value": "client"
                        },
                        {
                            "key": "component",
                            "type": "string",
                            "value": "gRPC"
                        },
                        {
                            "key": "internal.span.format",
                            "type": "string",
                            "value": "proto"
                        }
                    ],
                    "logs": [],
                    "processID": "p4",
                    "warnings": null
                },
                {
                    "traceID": "0aa1a557b06d77f3",
                    "spanID": "656478d232fae1d7",
                    "flags": 1,
                    "operationName": "/reservation.Reservation/CheckAvailability",
                    "references": [
                        {
                            "refType": "CHILD_OF",
                            "traceID": "0aa1a557b06d77f3",
                            "spanID": "0aa1a557b06d77f3"
                        }
                    ],
                    "startTime": 1655753720555750,
                    "duration": 1758,
                    "tags": [
                        {
                            "key": "component",
                            "type": "string",
                            "value": "gRPC"
                        },
                        {
                            "key": "span.kind",
                            "type": "string",
                            "value": "client"
                        },
                        {
                            "key": "internal.span.format",
                            "type": "string",
                            "value": "proto"
                        }
                    ],
                    "logs": [],
                    "processID": "p4",
                    "warnings": null
                },
                {
                    "traceID": "0aa1a557b06d77f3",
                    "spanID": "49d9866696c07ee1",
                    "flags": 1,
                    "operationName": "/profile.Profile/GetProfiles",
                    "references": [
                        {
                            "refType": "CHILD_OF",
                            "traceID": "0aa1a557b06d77f3",
                            "spanID": "0aa1a557b06d77f3"
                        }
                    ],
                    "startTime": 1655753720557685,
                    "duration": 1940,
                    "tags": [
                        {
                            "key": "span.kind",
                            "type": "string",
                            "value": "client"
                        },
                        {
                            "key": "component",
                            "type": "string",
                            "value": "gRPC"
                        },
                        {
                            "key": "internal.span.format",
                            "type": "string",
                            "value": "proto"
                        }
                    ],
                    "logs": [],
                    "processID": "p4",
                    "warnings": null
                },
                {
                    "traceID": "0aa1a557b06d77f3",
                    "spanID": "0aa1a557b06d77f3",
                    "flags": 1,
                    "operationName": "HTTP GET /hotels",
                    "references": [],
                    "startTime": 1655753720548546,
                    "duration": 11370,
                    "tags": [
                        {
                            "key": "sampler.type",
                            "type": "string",
                            "value": "probabilistic"
                        },
                        {
                            "key": "sampler.param",
                            "type": "float64",
                            "value": 0.3
                        },
                        {
                            "key": "span.kind",
                            "type": "string",
                            "value": "server"
                        },
                        {
                            "key": "http.method",
                            "type": "string",
                            "value": "GET"
                        },
                        {
                            "key": "http.url",
                            "type": "string",
                            "value": "/hotels?inDate=2015-04-18\u0026outDate=2015-04-23\u0026lat=38.12\u0026lon=-122.182"
                        },
                        {
                            "key": "component",
                            "type": "string",
                            "value": "net/http"
                        },
                        {
                            "key": "http.status_code",
                            "type": "int64",
                            "value": 200
                        },
                        {
                            "key": "internal.span.format",
                            "type": "string",
                            "value": "proto"
                        }
                    ],
                    "logs": [],
                    "processID": "p4",
                    "warnings": null
                },
                {
                    "traceID": "0aa1a557b06d77f3",
                    "spanID": "65fd13c145598bec",
                    "flags": 1,
                    "operationName": "/geo.Geo/Nearby",
                    "references": [
                        {
                            "refType": "CHILD_OF",
                            "traceID": "0aa1a557b06d77f3",
                            "spanID": "121b386c5315405b"
                        }
                    ],
                    "startTime": 1655753720551448,
                    "duration": 2455,
                    "tags": [
                        {
                            "key": "span.kind",
                            "type": "string",
                            "value": "client"
                        },
                        {
                            "key": "component",
                            "type": "string",
                            "value": "gRPC"
                        },
                        {
                            "key": "internal.span.format",
                            "type": "string",
                            "value": "proto"
                        }
                    ],
                    "logs": [],
                    "processID": "p5",
                    "warnings": [
                        "clock skew adjustment disabled; not applying calculated delta of -1.29ms"
                    ]
                },
                {
                    "traceID": "0aa1a557b06d77f3",
                    "spanID": "54ac65b13d23bce8",
                    "flags": 1,
                    "operationName": "/rate.Rate/GetRates",
                    "references": [
                        {
                            "refType": "CHILD_OF",
                            "traceID": "0aa1a557b06d77f3",
                            "spanID": "121b386c5315405b"
                        }
                    ],
                    "startTime": 1655753720553911,
                    "duration": 1995,
                    "tags": [
                        {
                            "key": "span.kind",
                            "type": "string",
                            "value": "client"
                        },
                        {
                            "key": "component",
                            "type": "string",
                            "value": "gRPC"
                        },
                        {
                            "key": "internal.span.format",
                            "type": "string",
                            "value": "proto"
                        }
                    ],
                    "logs": [],
                    "processID": "p5",
                    "warnings": [
                        "clock skew adjustment disabled; not applying calculated delta of -1.29ms"
                    ]
                },
                {
                    "traceID": "0aa1a557b06d77f3",
                    "spanID": "121b386c5315405b",
                    "flags": 1,
                    "operationName": "/search.Search/Nearby",
                    "references": [
                        {
                            "refType": "CHILD_OF",
                            "traceID": "0aa1a557b06d77f3",
                            "spanID": "0ce4d850a88e52ca"
                        }
                    ],
                    "startTime": 1655753720551067,
                    "duration": 4842,
                    "tags": [
                        {
                            "key": "component",
                            "type": "string",
                            "value": "gRPC"
                        },
                        {
                            "key": "span.kind",
                            "type": "string",
                            "value": "server"
                        },
                        {
                            "key": "internal.span.format",
                            "type": "string",
                            "value": "proto"
                        }
                    ],
                    "logs": [],
                    "processID": "p5",
                    "warnings": [
                        "clock skew adjustment disabled; not applying calculated delta of -1.29ms"
                    ]
                },
                {
                    "traceID": "0aa1a557b06d77f3",
                    "spanID": "49ba69e80d381d8e",
                    "flags": 1,
                    "operationName": "/rate.Rate/GetRates",
                    "references": [
                        {
                            "refType": "CHILD_OF",
                            "traceID": "0aa1a557b06d77f3",
                            "spanID": "54ac65b13d23bce8"
                        }
                    ],
                    "startTime": 1655753720554739,
                    "duration": 9,
                    "tags": [
                        {
                            "key": "span.kind",
                            "type": "string",
                            "value": "server"
                        },
                        {
                            "key": "component",
                            "type": "string",
                            "value": "gRPC"
                        },
                        {
                            "key": "internal.span.format",
                            "type": "string",
                            "value": "proto"
                        }
                    ],
                    "logs": [],
                    "processID": "p6",
                    "warnings": null
                }
            ],
            "processes": {
                "p1": {
                    "serviceName": "reservation",
                    "tags": [
                        {
                            "key": "hostname",
                            "type": "string",
                            "value": "reservation-dc5557677-9t7xw"
                        },
                        {
                            "key": "ip",
                            "type": "string",
                            "value": "10.0.1.212"
                        },
                        {
                            "key": "jaeger.version",
                            "type": "string",
                            "value": "Go-2.11.2"
                        }
                    ]
                },
                "p2": {
                    "serviceName": "profile",
                    "tags": [
                        {
                            "key": "hostname",
                            "type": "string",
                            "value": "profile-74f799494b-vftn2"
                        },
                        {
                            "key": "ip",
                            "type": "string",
                            "value": "10.0.2.207"
                        },
                        {
                            "key": "jaeger.version",
                            "type": "string",
                            "value": "Go-2.11.2"
                        }
                    ]
                },
                "p3": {
                    "serviceName": "geo",
                    "tags": [
                        {
                            "key": "hostname",
                            "type": "string",
                            "value": "geo-6455488cd8-9pdxx"
                        },
                        {
                            "key": "ip",
                            "type": "string",
                            "value": "10.0.1.61"
                        },
                        {
                            "key": "jaeger.version",
                            "type": "string",
                            "value": "Go-2.11.2"
                        }
                    ]
                },
                "p4": {
                    "serviceName": "frontend",
                    "tags": [
                        {
                            "key": "hostname",
                            "type": "string",
                            "value": "frontend-6bfdb55ffc-qbc8v"
                        },
                        {
                            "key": "ip",
                            "type": "string",
                            "value": "10.0.2.221"
                        },
                        {
                            "key": "jaeger.version",
                            "type": "string",
                            "value": "Go-2.11.2"
                        }
                    ]
                },
                "p5": {
                    "serviceName": "search",
                    "tags": [
                        {
                            "key": "hostname",
                            "type": "string",
                            "value": "search-7b976b6966-mnrrt"
                        },
                        {
                            "key": "ip",
                            "type": "string",
                            "value": "10.0.1.142"
                        },
                        {
                            "key": "jaeger.version",
                            "type": "string",
                            "value": "Go-2.11.2"
                        }
                    ]
                },
                "p6": {
                    "serviceName": "rate",
                    "tags": [
                        {
                            "key": "hostname",
                            "type": "string",
                            "value": "rate-86bd69bdcd-z28hz"
                        },
                        {
                            "key": "ip",
                            "type": "string",
                            "value": "10.0.1.3"
                        },
                        {
                            "key": "jaeger.version",
                            "type": "string",
                            "value": "Go-2.11.2"
                        }
                    ]
                }
            },
            "warnings": null
        }
    ],
    "total": 0,
    "limit": 0,
    "offset": 0,
    "errors": null
}