{
    "data": [
        {
            "traceID": "1769696d3edf6b65",
            "spans": [
                {
                    "traceID": "1769696d3edf6b65",
                    "spanID": "2f09a8fe064b1ab3",
                    "flags": 1,
                    "operationName": "/rate.Rate/GetRates",
                    "references": [
                        {
                            "refType": "CHILD_OF",
                            "traceID": "1769696d3edf6b65",
                            "spanID": "3f0e45b619461bb6"
                        }
                    ],
                    "startTime": 1655753684308505,
                    "duration": 4951,
                    "tags": [
                        {
                            "key": "span.kind",
                            "type": "string",
                            "value": "server"
                        },
                        {
                            "key": "component",
                            "type": "string",
                            "value": "gRPC"
                        },
                        {
                            "key": "internal.span.format",
                            "type": "string",
                            "value": "proto"
                        }
                    ],
                    "logs": [],
                    "processID": "p1",
                    "warnings": null
                },
                {
                    "traceID": "1769696d3edf6b65",
                    "spanID": "06910c9c68bf02f6",
                    "flags": 1,
                    "operationName": "/reservation.Reservation/CheckAvailability",
                    "references": [
                        {
                            "refType": "CHILD_OF",
                            "traceID": "1769696d3edf6b65",
                            "spanID": "71e0e987a9e42f62"
                        }
                    ],
                    "startTime": 1655753684317267,
                    "duration": 11581,
                    "tags": [
                        {
                            "key": "span.kind",
                            "type": "string",
                            "value": "server"
                        },
                        {
                            "key": "component",
                            "type": "string",
                            "value": "gRPC"
                        },
                        {
                            "key": "internal.span.format",
                            "type": "string",
                            "value": "proto"
                        }
                    ],
                    "logs": [],
                    "processID": "p2",
                    "warnings": [
                        "clock skew adjustment disabled; not applying calculated delta of -1.314ms"
                    ]
                },
                {
                    "traceID": "1769696d3edf6b65",
                    "spanID": "60fd3cd711e6b330",
                    "flags": 1,
                    "operationName": "/profile.Profile/GetProfiles",
                    "references": [
                        {
                            "refType": "CHILD_OF",
                            "traceID": "1769696d3edf6b65",
                            "spanID": "373c8895a74db98b"
                        }
                    ],
                    "startTime": 1655753684329894,
                    "duration": 1229,
                    "tags": [
                        {
                            "key": "component",
                            "type": "string",
                            "value": "gRPC"
                        },
                        {
                            "key": "span.kind",
                            "type": "string",
                            "value": "server"
                        },
                        {
                            "key": "internal.span.format",
                            "type": "string",
                            "value": "proto"
                        }
                    ],
                    "logs": [],
                    "processID": "p3",
                    "warnings": null
                },
                {
                    "traceID": "1769696d3edf6b65",
                    "spanID": "435ae61f9709e0ee",
                    "flags": 1,
                    "operationName": "/geo.Geo/Nearby",
                    "references": [
                        {
                            "refType": "CHILD_OF",
                            "traceID": "1769696d3edf6b65",
                            "spanID": "629ecf2ef7e7edcf"
                        }
                    ],
                    "startTime": 1655753684306702,
                    "duration": 311,
                    "tags": [
                        {
                            "key": "span.kind",
                            "type": "string",
                            "value": "server"
                        },
                        {
                            "key": "component",
                            "type": "string",
                            "value": "gRPC"
                        },
                        {
                            "key": "internal.span.format",
                            "type": "string",
                            "value": "proto"
                        }
                    ],
                    "logs": [],
                    "processID": "p4",
                    "warnings": null
                },
                {
                    "traceID": "1769696d3edf6b65",
                    "spanID": "3bade14cf64ae89e",
                    "flags": 1,
                    "operationName": "/search.Search/Nearby",
                    "references": [
                        {
                            "refType": "CHILD_OF",
                            "traceID": "1769696d3edf6b65",
                            "spanID": "1769696d3edf6b65"
                        }
                    ],
                    "startTime": 1655753684302994,
                    "duration": 11510,
                    "tags": [
                        {
                            "key": "span.kind",
                            "type": "string",
                            "value": "client"
                        },
                        {
                            "key": "component",
                            "type": "string",
                            "value": "gRPC"
                        },
                        {
                            "key": "internal.span.format",
                            "type": "string",
                            "value": "proto"
                        }
                    ],
                    "logs": [],
                    "processID": "p5",
                    "warnings": null
                },
                {
                    "traceID": "1769696d3edf6b65",
                    "spanID": "71e0e987a9e42f62",
                    "flags": 1,
                    "operationName": "/reservation.Reservation/CheckAvailability",
                    "references": [
                        {
                            "refType": "CHILD_OF",
                            "traceID": "1769696d3edf6b65",
                            "spanID": "1769696d3edf6b65"
                        }
                    ],
                    "startTime": 1655753684314913,
                    "duration": 13661,
                    "tags": [
                        {
                            "key": "span.kind",
                            "type": "string",
                            "value": "client"
                        },
                        {
                            "key": "component",
                            "type": "string",
                            "value": "gRPC"
                        },
                        {
                            "key": "internal.span.format",
                            "type": "string",
                            "value": "proto"
                        }
                    ],
                    "logs": [],
                    "processID": "p5",
                    "warnings": null
                },
                {
                    "traceID": "1769696d3edf6b65",
                    "spanID": "373c8895a74db98b",
                    "flags": 1,
                    "operationName": "/profile.Profile/GetProfiles",
                    "references": [
                        {
                            "refType": "CHILD_OF",
                            "traceID": "1769696d3edf6b65",
                            "spanID": "1769696d3edf6b65"
                        }
                    ],
                    "startTime": 1655753684328739,
                    "duration": 3077,
                    "tags": [
                        {
                            "key": "span.kind",
                            "type": "string",
                            "value": "client"
                        },
                        {
                            "key": "component",
                            "type": "string",
                            "value": "gRPC"
                        },
                        {
                            "key": "internal.span.format",
                            "type": "string",
                            "value": "proto"
                        }
                    ],
                    "logs": [],
                    "processID": "p5",
                    "warnings": null
                },
                {
                    "traceID": "1769696d3edf6b65",
                    "spanID": "1769696d3edf6b65",
                    "flags": 1,
                    "operationName": "HTTP GET /hotels",
                    "references": [],
                    "startTime": 1655753684302720,
                    "duration": 29276,
                    "tags": [
                        {
                            "key": "sampler.type",
                            "type": "string",
                            "value": "probabilistic"
                        },
                        {
                            "key": "sampler.param",
                            "type": "float64",
                            "value": 0.3
                        },
                        {
                            "key": "span.kind",
                            "type": "string",
                            "value": "server"
                        },
                        {
                            "key": "http.method",
                            "type": "string",
                            "value": "GET"
                        },
                        {
                            "key": "http.url",
                            "type": "string",
                            "value": "/hotels?inDate=2015-04-15\u0026outDate=2015-04-19\u0026lat=38.115\u0026lon=-122.118"
                        },
                        {
                            "key": "component",
                            "type": "string",
                            "value": "net/http"
                        },
                        {
                            "key": "http.status_code",
                            "type": "int64",
                            "value": 200
                        },
                        {
                            "key": "internal.span.format",
                            "type": "string",
                            "value": "proto"
                        }
                    ],
                    "logs": [],
                    "processID": "p5",
                    "warnings": null
                },
                {
                    "traceID": "1769696d3edf6b65",
                    "spanID": "629ecf2ef7e7edcf",
                    "flags": 1,
                    "operationName": "/geo.Geo/Nearby",
                    "references": [
                        {
                            "refType": "CHILD_OF",
                            "traceID": "1769696d3edf6b65",
                            "spanID": "380c4b37d8d78ed2"
                        }
                    ],
                    "startTime": 1655753684305967,
                    "duration": 1672,
                    "tags": [
                        {
                            "key": "span.kind",
                            "type": "string",
                            "value": "client"
                        },
                        {
                            "key": "component",
                            "type": "string",
                            "value": "gRPC"
                        },
                        {
                            "key": "internal.span.format",
                            "type": "string",
                            "value": "proto"
                        }
                    ],
                    "logs": [],
                    "processID": "p6",
                    "warnings": [
                        "clock skew adjustment disabled; not applying calculated delta of -1.1305ms"
                    ]
                },
                {
                    "traceID": "1769696d3edf6b65",
                    "spanID": "3f0e45b619461bb6",
                    "flags": 1,
                    "operationName": "/rate.Rate/GetRates",
                    "references": [
                        {
                            "refType": "CHILD_OF",
                            "traceID": "1769696d3edf6b65",
                            "spanID": "380c4b37d8d78ed2"
                        }
                    ],
                    "startTime": 1655753684307794,
                    "duration": 6371,
                    "tags": [
                        {
                            "key": "span.kind",
                            "type": "string",
                            "value": "client"
                        },
                        {
                            "key": "component",
                            "type": "string",
                            "value": "gRPC"
                        },
                        {
                            "key": "internal.span.format",
                            "type": "string",
                            "value": "proto"
                        }
                    ],
                    "logs": [],
                    "processID": "p6",
                    "warnings": [
                        "clock skew adjustment disabled; not applying calculated delta of -1.1305ms"
                    ]
                },
                {
                    "traceID": "1769696d3edf6b65",
                    "spanID": "380c4b37d8d78ed2",
                    "flags": 1,
                    "operationName": "/search.Search/Nearby",
                    "references": [
                        {
                            "refType": "CHILD_OF",
                            "traceID": "1769696d3edf6b65",
                            "spanID": "3bade14cf64ae89e"
                        }
                    ],
                    "startTime": 1655753684305199,
                    "duration": 9361,
                    "tags": [
                        {
                            "key": "span.kind",
                            "type": "string",
                            "value": "server"
                        },
                        {
                            "key": "component",
                            "type": "string",
                            "value": "gRPC"
                        },
                        {
                            "key": "internal.span.format",
                            "type": "string",
                            "value": "proto"
                        }
                    ],
                    "logs": [],
                    "processID": "p6",
                    "warnings": [
                        "clock skew adjustment disabled; not applying calculated delta of -1.1305ms"
                    ]
                }
            ],
            "processes": {
                "p1": {
                    "serviceName": "rate",
                    "tags": [
                        {
                            "key": "hostname",
                            "type": "string",
                            "value": "rate-86bd69bdcd-z28hz"
                        },
                        {
                            "key": "ip",
                            "type": "string",
                            "value": "10.0.1.3"
                        },
                        {
                            "key": "jaeger.version",
                            "type": "string",
                            "value": "Go-2.11.2"
                        }
                    ]
                },
                "p2": {
                    "serviceName": "reservation",
                    "tags": [
                        {
                            "key": "hostname",
                            "type": "string",
                            "value": "reservation-dc5557677-9t7xw"
                        },
                        {
                            "key": "ip",
                            "type": "string",
                            "value": "10.0.1.212"
                        },
                        {
                            "key": "jaeger.version",
                            "type": "string",
                            "value": "Go-2.11.2"
                        }
                    ]
                },
                "p3": {
                    "serviceName": "profile",
                    "tags": [
                        {
                            "key": "hostname",
                            "type": "string",
                            "value": "profile-74f799494b-vftn2"
                        },
                        {
                            "key": "ip",
                            "type": "string",
                            "value": "10.0.2.207"
                        },
                        {
                            "key": "jaeger.version",
                            "type": "string",
                            "value": "Go-2.11.2"
                        }
                    ]
                },
                "p4": {
                    "serviceName": "geo",
                    "tags": [
                        {
                            "key": "hostname",
                            "type": "string",
                            "value": "geo-6455488cd8-9pdxx"
                        },
                        {
                            "key": "ip",
                            "type": "string",
                            "value": "10.0.1.61"
                        },
                        {
                            "key": "jaeger.version",
                            "type": "string",
                            "value": "Go-2.11.2"
                        }
                    ]
                },
                "p5": {
                    "serviceName": "frontend",
                    "tags": [
                        {
                            "key": "hostname",
                            "type": "string",
                            "value": "frontend-6bfdb55ffc-qbc8v"
                        },
                        {
                            "key": "ip",
                            "type": "string",
                            "value": "10.0.2.221"
                        },
                        {
                            "key": "jaeger.version",
                            "type": "string",
                            "value": "Go-2.11.2"
                        }
                    ]
                },
                "p6": {
                    "serviceName": "search",
                    "tags": [
                        {
                            "key": "hostname",
                            "type": "string",
                            "value": "search-7b976b6966-mnrrt"
                        },
                        {
                            "key": "ip",
                            "type": "string",
                            "value": "10.0.1.142"
                        },
                        {
                            "key": "jaeger.version",
                            "type": "string",
                            "value": "Go-2.11.2"
                        }
                    ]
                }
            },
            "warnings": null
        }
    ],
    "total": 0,
    "limit": 0,
    "offset": 0,
    "errors": null
}